,date,open,high,low,close,volume,symbol
0,2022-01-07 13:13:00,3222.77000,3222.87000,3221.01000,3221.01000,34,eth
1,2022-01-07 13:12:00,3223.12000,3224.45000,3221.73000,3222.77000,128,eth
2,2022-01-07 13:11:00,3223.68000,3228.27000,3222.40000,3223.12000,277,eth
3,2022-01-07 13:10:00,3227.01000,3228.15000,3217.31000,3223.65000,2763,eth
4,2022-01-07 13:09:00,3226.49000,3229.55000,3226.37000,3227.01000,161,eth
5,2022-01-07 13:08:00,3226.02000,3228.00000,3222.64000,3226.50000,206,eth
6,2022-01-07 13:07:00,3231.05000,3231.12000,3223.45000,3226.02000,340,eth
7,2022-01-07 13:06:00,3239.88000,3239.88000,3230.65000,3231.06000,254,eth
8,2022-01-07 13:05:00,3237.47000,3241.08000,3237.47000,3239.87000,89,eth
9,2022-01-07 13:04:00,3237.50000,3239.53000,3236.50000,3237.47000,114,eth
10,2022-01-07 13:03:00,3240.78000,3240.79000,3237.22000,3237.50000,200,eth
11,2022-01-07 13:02:00,3244.46000,3244.46000,3240.74000,3240.79000,111,eth
12,2022-01-07 13:01:00,3242.28000,3248.31000,3242.28000,3244.46000,198,eth
13,2022-01-07 13:00:00,3241.72000,3245.76000,3241.01000,3242.29000,240,eth
14,2022-01-07 12:59:00,3243.09000,3243.37000,3237.66000,3241.72000,263,eth
15,2022-01-07 12:58:00,3242.21000,3244.26000,3242.01000,3243.09000,37,eth
16,2022-01-07 12:57:00,3241.18000,3243.22000,3239.69000,3242.22000,113,eth
17,2022-01-07 12:56:00,3242.64000,3243.14000,3241.00000,3241.56000,94,eth
18,2022-01-07 12:55:00,3237.95000,3243.21000,3237.77000,3242.65000,183,eth
19,2022-01-07 12:54:00,3239.31000,3239.73000,3236.04000,3237.94000,134,eth
20,2022-01-07 12:53:00,3244.70000,3244.70000,3238.93000,3239.38000,333,eth
21,2022-01-07 12:52:00,3247.75000,3247.87000,3244.05000,3244.69000,166,eth
22,2022-01-07 12:51:00,3248.00000,3250.33000,3246.41000,3247.74000,126,eth
23,2022-01-07 12:50:00,3248.89000,3249.15000,3245.81000,3248.01000,81,eth
24,2022-01-07 12:49:00,3248.96000,3252.03000,3247.56000,3248.89000,112,eth
25,2022-01-07 12:48:00,3253.37000,3253.37000,3248.31000,3248.79000,191,eth
26,2022-01-07 12:47:00,3252.84000,3254.74000,3251.26000,3253.39000,78,eth
27,2022-01-07 12:46:00,3250.94000,3254.89000,3250.23000,3252.85000,79,eth
28,2022-01-07 12:45:00,3252.68000,3252.68000,3247.00000,3250.95000,161,eth
29,2022-01-07 12:44:00,3250.09000,3257.07000,3250.09000,3252.56000,329,eth
30,2022-01-07 12:43:00,3249.45000,3251.59000,3248.08000,3250.09000,150,eth
31,2022-01-07 12:42:00,3247.00000,3250.40000,3247.00000,3249.24000,125,eth
32,2022-01-07 12:41:00,3248.28000,3249.88000,3246.67000,3247.01000,114,eth
33,2022-01-07 12:40:00,3254.19000,3254.56000,3247.04000,3248.27000,289,eth
34,2022-01-07 12:39:00,3254.11000,3255.86000,3253.00000,3254.20000,144,eth
35,2022-01-07 12:38:00,3253.55000,3257.16000,3251.81000,3254.11000,96,eth
36,2022-01-07 12:37:00,3251.62000,3254.70000,3251.61000,3253.55000,122,eth
37,2022-01-07 12:36:00,3252.42000,3254.70000,3251.57000,3251.62000,124,eth
38,2022-01-07 12:35:00,3256.70000,3256.74000,3252.42000,3252.43000,161,eth
39,2022-01-07 12:34:00,3259.02000,3259.02000,3256.17000,3256.70000,157,eth
40,2022-01-07 12:33:00,3264.78000,3264.78000,3258.30000,3259.01000,109,eth
41,2022-01-07 12:32:00,3261.89000,3265.01000,3261.00000,3264.49000,476,eth
42,2022-01-07 12:31:00,3258.45000,3263.13000,3258.08000,3261.89000,204,eth
43,2022-01-07 12:30:00,3256.98000,3263.18000,3256.15000,3258.45000,468,eth
44,2022-01-07 12:29:00,3257.43000,3257.49000,3255.00000,3256.98000,84,eth
45,2022-01-07 12:28:00,3256.63000,3259.11000,3256.63000,3257.43000,104,eth
46,2022-01-07 12:27:00,3257.19000,3258.80000,3253.99000,3256.63000,213,eth
47,2022-01-07 12:26:00,3250.82000,3259.36000,3250.82000,3257.19000,205,eth
48,2022-01-07 12:25:00,3248.46000,3252.00000,3245.00000,3250.82000,342,eth
49,2022-01-07 12:24:00,3249.21000,3249.68000,3247.18000,3248.46000,135,eth
50,2022-01-07 12:23:00,3246.22000,3249.56000,3245.43000,3249.20000,153,eth
51,2022-01-07 12:22:00,3250.69000,3250.70000,3245.15000,3246.63000,251,eth
52,2022-01-07 12:21:00,3253.26000,3253.65000,3247.86000,3250.70000,156,eth
53,2022-01-07 12:20:00,3254.64000,3256.66000,3251.01000,3253.55000,185,eth
54,2022-01-07 12:19:00,3250.46000,3256.80000,3250.00000,3254.65000,541,eth
55,2022-01-07 12:18:00,3247.46000,3252.02000,3247.37000,3250.46000,543,eth
56,2022-01-07 12:17:00,3247.92000,3248.37000,3244.59000,3247.46000,169,eth
57,2022-01-07 12:16:00,3250.68000,3251.61000,3247.03000,3247.91000,150,eth
58,2022-01-07 12:15:00,3249.08000,3251.00000,3245.50000,3250.68000,257,eth
59,2022-01-07 12:14:00,3247.74000,3249.85000,3244.79000,3249.08000,127,eth
60,2022-01-07 12:13:00,3243.54000,3249.86000,3243.17000,3247.74000,232,eth
61,2022-01-07 12:12:00,3237.85000,3244.39000,3237.12000,3243.54000,127,eth
62,2022-01-07 12:11:00,3238.23000,3239.85000,3235.00000,3237.65000,124,eth
63,2022-01-07 12:10:00,3240.79000,3242.51000,3237.38000,3238.23000,327,eth
64,2022-01-07 12:09:00,3242.18000,3243.42000,3240.04000,3240.79000,81,eth
65,2022-01-07 12:08:00,3243.26000,3245.49000,3242.00000,3242.18000,127,eth
66,2022-01-07 12:07:00,3243.33000,3245.49000,3241.63000,3243.26000,159,eth
67,2022-01-07 12:06:00,3246.84000,3247.34000,3243.33000,3243.64000,330,eth
68,2022-01-07 12:05:00,3246.39000,3246.89000,3242.34000,3246.83000,260,eth
69,2022-01-07 12:04:00,3242.60000,3246.45000,3240.64000,3246.10000,149,eth
70,2022-01-07 12:03:00,3235.80000,3245.05000,3235.31000,3242.60000,286,eth
71,2022-01-07 12:02:00,3238.12000,3239.34000,3234.07000,3235.80000,138,eth
72,2022-01-07 12:01:00,3239.06000,3244.80000,3237.40000,3238.11000,952,eth
73,2022-01-07 12:00:00,3225.86000,3243.24000,3225.45000,3239.06000,574,eth
74,2022-01-07 11:59:00,3221.95000,3226.58000,3220.00000,3225.68000,165,eth
75,2022-01-07 11:58:00,3224.14000,3224.68000,3220.10000,3221.95000,73,eth
76,2022-01-07 11:57:00,3223.12000,3226.16000,3223.11000,3224.28000,57,eth
77,2022-01-07 11:56:00,3222.58000,3224.83000,3220.87000,3223.12000,87,eth
78,2022-01-07 11:55:00,3225.40000,3225.40000,3221.37000,3222.58000,111,eth
79,2022-01-07 11:54:00,3228.06000,3228.40000,3223.90000,3225.40000,204,eth
80,2022-01-07 11:53:00,3223.14000,3228.06000,3222.97000,3228.06000,121,eth
81,2022-01-07 11:52:00,3227.10000,3227.29000,3223.14000,3223.38000,70,eth
82,2022-01-07 11:51:00,3228.94000,3228.94000,3225.15000,3227.10000,97,eth
83,2022-01-07 11:50:00,3231.43000,3231.54000,3228.76000,3228.94000,99,eth
84,2022-01-07 11:49:00,3233.65000,3233.65000,3230.24000,3231.43000,140,eth
85,2022-01-07 11:48:00,3233.74000,3234.98000,3230.96000,3233.65000,170,eth
86,2022-01-07 11:47:00,3230.85000,3234.85000,3230.85000,3234.00000,263,eth
87,2022-01-07 11:46:00,3230.34000,3231.99000,3227.63000,3230.85000,838,eth
88,2022-01-07 11:45:00,3226.44000,3231.18000,3226.37000,3230.21000,204,eth
89,2022-01-07 11:44:00,3225.48000,3227.81000,3225.03000,3226.44000,118,eth
90,2022-01-07 11:43:00,3223.56000,3226.80000,3223.01000,3225.74000,88,eth
91,2022-01-07 11:42:00,3220.75000,3223.81000,3218.37000,3223.61000,138,eth
92,2022-01-07 11:41:00,3221.43000,3221.85000,3216.47000,3220.75000,111,eth
93,2022-01-07 11:40:00,3222.01000,3223.01000,3220.20000,3221.42000,69,eth
94,2022-01-07 11:39:00,3224.93000,3226.71000,3222.00000,3222.01000,84,eth
95,2022-01-07 11:38:00,3221.41000,3225.00000,3219.20000,3224.93000,238,eth
96,2022-01-07 11:37:00,3217.52000,3224.08000,3217.11000,3221.41000,191,eth
97,2022-01-07 11:36:00,3221.88000,3222.51000,3216.31000,3217.52000,75,eth
98,2022-01-07 11:35:00,3222.24000,3223.80000,3220.21000,3221.87000,88,eth
99,2022-01-07 11:34:00,3224.11000,3225.64000,3222.19000,3222.24000,49,eth
100,2022-01-07 11:33:00,3219.72000,3225.50000,3217.99000,3224.12000,110,eth
101,2022-01-07 11:32:00,3215.96000,3220.00000,3215.20000,3219.64000,307,eth
102,2022-01-07 11:31:00,3220.72000,3221.77000,3215.32000,3215.99000,301,eth
103,2022-01-07 11:30:00,3227.00000,3227.01000,3220.72000,3220.73000,785,eth
104,2022-01-07 11:29:00,3226.30000,3227.42000,3223.86000,3227.01000,150,eth
105,2022-01-07 11:28:00,3226.64000,3228.89000,3225.12000,3226.30000,59,eth
106,2022-01-07 11:27:00,3229.00000,3229.87000,3226.50000,3226.64000,83,eth
107,2022-01-07 11:26:00,3227.66000,3229.30000,3225.72000,3229.00000,93,eth
108,2022-01-07 11:25:00,3230.99000,3231.63000,3226.12000,3227.65000,111,eth
109,2022-01-07 11:24:00,3233.00000,3234.68000,3229.01000,3231.00000,93,eth
110,2022-01-07 11:23:00,3232.16000,3237.28000,3232.15000,3233.00000,166,eth
111,2022-01-07 11:22:00,3230.72000,3233.84000,3230.72000,3232.16000,209,eth
112,2022-01-07 11:21:00,3230.79000,3233.00000,3228.34000,3230.73000,184,eth
113,2022-01-07 11:20:00,3230.23000,3233.09000,3228.62000,3230.79000,133,eth
114,2022-01-07 11:19:00,3234.25000,3234.55000,3230.18000,3230.22000,156,eth
115,2022-01-07 11:18:00,3230.90000,3236.72000,3230.82000,3234.24000,121,eth
116,2022-01-07 11:17:00,3226.31000,3233.54000,3226.25000,3231.20000,126,eth
117,2022-01-07 11:16:00,3225.02000,3226.32000,3222.47000,3226.32000,105,eth
118,2022-01-07 11:15:00,3225.19000,3226.17000,3222.56000,3225.01000,77,eth
119,2022-01-07 11:14:00,3226.13000,3227.07000,3221.74000,3225.19000,497,eth
120,2022-01-07 11:13:00,3229.98000,3231.79000,3226.12000,3226.13000,123,eth
121,2022-01-07 11:12:00,3230.29000,3232.51000,3227.95000,3229.99000,151,eth
122,2022-01-07 11:11:00,3230.59000,3233.37000,3228.98000,3230.28000,356,eth
123,2022-01-07 11:10:00,3228.28000,3230.98000,3225.07000,3230.88000,236,eth
124,2022-01-07 11:09:00,3227.88000,3229.32000,3225.23000,3228.28000,192,eth
125,2022-01-07 11:08:00,3226.45000,3229.78000,3225.67000,3227.88000,581,eth
126,2022-01-07 11:07:00,3219.79000,3226.88000,3219.79000,3226.45000,264,eth
127,2022-01-07 11:06:00,3219.69000,3220.00000,3216.99000,3219.79000,199,eth
128,2022-01-07 11:05:00,3216.79000,3221.37000,3216.16000,3219.69000,274,eth
129,2022-01-07 11:04:00,3222.97000,3222.97000,3216.21000,3216.79000,441,eth
130,2022-01-07 11:03:00,3223.12000,3224.42000,3219.01000,3222.97000,220,eth
131,2022-01-07 11:02:00,3218.24000,3224.85000,3217.00000,3223.12000,332,eth
132,2022-01-07 11:01:00,3222.74000,3224.21000,3217.20000,3218.23000,442,eth
133,2022-01-07 11:00:00,3216.96000,3224.93000,3216.50000,3222.20000,323,eth
134,2022-01-07 10:59:00,3229.98000,3229.99000,3216.75000,3217.33000,580,eth
135,2022-01-07 10:58:00,3227.22000,3231.13000,3225.03000,3229.98000,225,eth
136,2022-01-07 10:57:00,3230.42000,3230.56000,3225.12000,3227.22000,249,eth
137,2022-01-07 10:56:00,3231.64000,3233.88000,3229.29000,3230.43000,214,eth
138,2022-01-07 10:55:00,3229.64000,3234.00000,3229.63000,3231.64000,177,eth
139,2022-01-07 10:54:00,3233.64000,3233.66000,3228.06000,3229.64000,278,eth
140,2022-01-07 10:53:00,3236.14000,3238.59000,3232.37000,3233.65000,540,eth
141,2022-01-07 10:52:00,3236.54000,3238.78000,3235.00000,3236.45000,155,eth
142,2022-01-07 10:51:00,3240.42000,3240.81000,3235.99000,3236.51000,167,eth
143,2022-01-07 10:50:00,3244.87000,3245.80000,3240.42000,3240.63000,87,eth
144,2022-01-07 10:49:00,3245.68000,3248.02000,3244.27000,3244.87000,193,eth
145,2022-01-07 10:48:00,3243.01000,3246.15000,3241.99000,3246.04000,260,eth
146,2022-01-07 10:47:00,3239.14000,3244.27000,3239.13000,3243.01000,131,eth
147,2022-01-07 10:46:00,3238.48000,3240.00000,3237.21000,3239.13000,135,eth
148,2022-01-07 10:45:00,3241.03000,3241.08000,3237.37000,3238.47000,109,eth
149,2022-01-07 10:44:00,3243.42000,3244.07000,3238.99000,3241.04000,280,eth
150,2022-01-07 10:43:00,3241.03000,3244.62000,3240.37000,3243.33000,148,eth
151,2022-01-07 10:42:00,3243.77000,3244.67000,3240.45000,3240.72000,102,eth
152,2022-01-07 10:41:00,3238.31000,3245.01000,3237.01000,3243.77000,948,eth
153,2022-01-07 10:40:00,3237.37000,3238.62000,3233.45000,3238.31000,438,eth
154,2022-01-07 10:39:00,3235.03000,3238.56000,3234.01000,3237.38000,262,eth
155,2022-01-07 10:38:00,3236.19000,3237.09000,3233.36000,3234.98000,226,eth
156,2022-01-07 10:37:00,3237.99000,3239.89000,3235.41000,3236.19000,171,eth
157,2022-01-07 10:36:00,3241.68000,3241.94000,3237.42000,3237.99000,263,eth
158,2022-01-07 10:35:00,3240.99000,3243.89000,3240.17000,3241.69000,611,eth
159,2022-01-07 10:34:00,3244.34000,3244.35000,3240.11000,3241.07000,77,eth
160,2022-01-07 10:33:00,3245.84000,3246.75000,3242.73000,3244.34000,153,eth
161,2022-01-07 10:32:00,3240.78000,3246.75000,3236.84000,3245.85000,645,eth
162,2022-01-07 10:31:00,3245.79000,3247.72000,3240.00000,3240.79000,551,eth
163,2022-01-07 10:30:00,3247.12000,3247.28000,3243.41000,3245.79000,169,eth
164,2022-01-07 10:29:00,3254.38000,3254.39000,3246.97000,3247.01000,271,eth
165,2022-01-07 10:28:00,3249.89000,3254.63000,3249.61000,3254.38000,76,eth
166,2022-01-07 10:27:00,3252.73000,3254.32000,3248.50000,3249.89000,207,eth
167,2022-01-07 10:26:00,3249.62000,3252.73000,3249.62000,3252.46000,109,eth
168,2022-01-07 10:25:00,3246.20000,3254.99000,3245.87000,3250.24000,562,eth
169,2022-01-07 10:24:00,3245.64000,3246.70000,3243.39000,3246.21000,336,eth
170,2022-01-07 10:23:00,3244.37000,3247.18000,3243.68000,3245.64000,149,eth
171,2022-01-07 10:22:00,3249.13000,3250.77000,3244.18000,3244.38000,333,eth
172,2022-01-07 10:21:00,3250.77000,3250.77000,3246.13000,3248.95000,388,eth
173,2022-01-07 10:20:00,3256.81000,3256.81000,3250.01000,3250.76000,140,eth
174,2022-01-07 10:19:00,3252.17000,3257.10000,3250.15000,3256.81000,139,eth
175,2022-01-07 10:18:00,3251.07000,3253.96000,3247.90000,3252.59000,795,eth
176,2022-01-07 10:17:00,3255.66000,3255.67000,3250.08000,3251.07000,282,eth
177,2022-01-07 10:16:00,3255.41000,3257.54000,3254.19000,3255.67000,128,eth
178,2022-01-07 10:15:00,3257.62000,3259.31000,3255.41000,3255.42000,86,eth
179,2022-01-07 10:14:00,3260.47000,3261.80000,3257.46000,3257.96000,156,eth
180,2022-01-07 10:13:00,3261.42000,3262.22000,3260.47000,3260.99000,76,eth
181,2022-01-07 10:12:00,3264.98000,3266.05000,3260.81000,3261.43000,267,eth
182,2022-01-07 10:11:00,3257.43000,3266.27000,3257.43000,3264.97000,854,eth
183,2022-01-07 10:10:00,3257.18000,3258.31000,3255.41000,3257.44000,110,eth
184,2022-01-07 10:09:00,3258.98000,3259.47000,3256.75000,3257.18000,192,eth
185,2022-01-07 10:08:00,3256.15000,3259.01000,3253.83000,3258.98000,1758,eth
186,2022-01-07 10:07:00,3253.94000,3256.83000,3253.69000,3256.16000,148,eth
187,2022-01-07 10:06:00,3252.34000,3254.66000,3250.00000,3253.94000,207,eth
188,2022-01-07 10:05:00,3253.98000,3255.01000,3250.09000,3252.34000,223,eth
189,2022-01-07 10:04:00,3251.78000,3256.18000,3250.03000,3253.98000,174,eth
190,2022-01-07 10:03:00,3251.02000,3252.47000,3249.02000,3251.79000,92,eth
191,2022-01-07 10:02:00,3249.66000,3251.33000,3246.53000,3250.66000,261,eth
192,2022-01-07 10:01:00,3249.02000,3251.51000,3246.53000,3249.65000,118,eth
193,2022-01-07 10:00:00,3250.68000,3251.76000,3248.72000,3249.33000,173,eth
194,2022-01-07 09:59:00,3250.11000,3251.18000,3245.91000,3250.58000,174,eth
195,2022-01-07 09:58:00,3253.38000,3253.99000,3246.49000,3250.11000,975,eth
196,2022-01-07 09:57:00,3258.67000,3259.23000,3253.10000,3253.37000,228,eth
197,2022-01-07 09:56:00,3258.10000,3259.47000,3257.41000,3258.67000,132,eth
198,2022-01-07 09:55:00,3258.08000,3258.99000,3254.82000,3258.10000,169,eth
199,2022-01-07 09:54:00,3257.21000,3259.08000,3255.86000,3258.08000,108,eth
200,2022-01-07 09:53:00,3256.53000,3258.21000,3253.00000,3257.21000,130,eth
201,2022-01-07 09:52:00,3258.73000,3259.21000,3255.50000,3256.72000,123,eth
202,2022-01-07 09:51:00,3255.63000,3261.01000,3255.39000,3258.73000,689,eth
203,2022-01-07 09:50:00,3255.35000,3258.52000,3254.86000,3255.82000,122,eth
204,2022-01-07 09:49:00,3255.80000,3256.67000,3253.00000,3255.35000,345,eth
205,2022-01-07 09:48:00,3254.51000,3257.83000,3253.58000,3255.71000,167,eth
206,2022-01-07 09:47:00,3257.30000,3257.72000,3253.65000,3254.50000,129,eth
207,2022-01-07 09:46:00,3256.05000,3259.99000,3256.05000,3257.31000,111,eth
208,2022-01-07 09:45:00,3252.70000,3257.60000,3251.74000,3256.05000,268,eth
209,2022-01-07 09:44:00,3257.87000,3258.63000,3251.95000,3252.69000,210,eth
210,2022-01-07 09:43:00,3257.00000,3257.87000,3254.01000,3257.46000,531,eth
211,2022-01-07 09:42:00,3258.22000,3260.92000,3256.00000,3257.00000,627,eth
212,2022-01-07 09:41:00,3260.59000,3261.28000,3256.98000,3258.22000,697,eth
213,2022-01-07 09:40:00,3261.07000,3262.08000,3256.56000,3260.59000,543,eth
214,2022-01-07 09:39:00,3258.78000,3262.48000,3257.74000,3261.08000,200,eth
215,2022-01-07 09:38:00,3261.78000,3263.65000,3256.00000,3259.02000,439,eth
216,2022-01-07 09:37:00,3268.72000,3269.73000,3260.43000,3261.77000,312,eth
217,2022-01-07 09:36:00,3263.06000,3272.05000,3261.52000,3268.72000,284,eth
218,2022-01-07 09:35:00,3264.69000,3266.26000,3261.00000,3263.07000,600,eth
219,2022-01-07 09:34:00,3263.51000,3264.70000,3260.00000,3264.69000,507,eth
220,2022-01-07 09:33:00,3268.96000,3268.97000,3259.99000,3263.51000,2178,eth
221,2022-01-07 09:32:00,3271.67000,3275.57000,3266.17000,3268.96000,434,eth
222,2022-01-07 09:31:00,3268.63000,3275.45000,3267.97000,3271.65000,585,eth
223,2022-01-07 09:30:00,3262.69000,3269.03000,3262.09000,3269.02000,598,eth
224,2022-01-07 09:29:00,3266.95000,3267.34000,3262.69000,3262.70000,250,eth
225,2022-01-07 09:28:00,3268.50000,3268.88000,3263.61000,3267.34000,208,eth
226,2022-01-07 09:27:00,3265.89000,3270.00000,3263.55000,3268.50000,574,eth
227,2022-01-07 09:26:00,3262.82000,3270.00000,3262.46000,3265.78000,360,eth
228,2022-01-07 09:25:00,3257.39000,3264.79000,3257.00000,3262.82000,365,eth
229,2022-01-07 09:24:00,3257.05000,3257.81000,3254.24000,3257.38000,128,eth
230,2022-01-07 09:23:00,3258.59000,3260.62000,3257.05000,3257.05000,128,eth
231,2022-01-07 09:22:00,3263.23000,3263.56000,3257.92000,3258.59000,738,eth
232,2022-01-07 09:21:00,3260.28000,3263.57000,3258.00000,3263.22000,353,eth
233,2022-01-07 09:20:00,3260.69000,3261.84000,3258.24000,3260.28000,329,eth
234,2022-01-07 09:19:00,3248.11000,3262.29000,3247.00000,3260.68000,620,eth
235,2022-01-07 09:18:00,3245.94000,3249.68000,3245.94000,3248.11000,147,eth
236,2022-01-07 09:17:00,3243.48000,3246.69000,3242.74000,3245.94000,188,eth
237,2022-01-07 09:16:00,3247.15000,3247.15000,3242.76000,3243.47000,398,eth
238,2022-01-07 09:15:00,3252.60000,3253.51000,3245.00000,3246.64000,379,eth
239,2022-01-07 09:14:00,3251.58000,3254.93000,3249.58000,3252.59000,386,eth
240,2022-01-07 09:13:00,3245.94000,3253.56000,3245.41000,3251.58000,214,eth
241,2022-01-07 09:12:00,3246.02000,3246.76000,3244.10000,3245.93000,93,eth
242,2022-01-07 09:11:00,3244.55000,3247.26000,3243.00000,3246.02000,239,eth
243,2022-01-07 09:10:00,3244.32000,3245.93000,3240.87000,3244.55000,320,eth
244,2022-01-07 09:09:00,3242.33000,3244.41000,3240.87000,3243.61000,114,eth
245,2022-01-07 09:08:00,3243.31000,3248.81000,3239.03000,3242.59000,1096,eth
246,2022-01-07 09:07:00,3243.39000,3244.14000,3239.09000,3243.31000,307,eth
247,2022-01-07 09:06:00,3242.12000,3244.53000,3241.29000,3243.47000,201,eth
248,2022-01-07 09:05:00,3240.18000,3242.34000,3238.43000,3242.12000,221,eth
249,2022-01-07 09:04:00,3238.69000,3241.25000,3237.17000,3239.54000,215,eth
250,2022-01-07 09:03:00,3238.39000,3241.46000,3237.24000,3238.49000,522,eth
251,2022-01-07 09:02:00,3233.38000,3239.18000,3232.04000,3238.34000,215,eth
252,2022-01-07 09:01:00,3232.66000,3235.17000,3230.24000,3233.39000,168,eth
253,2022-01-07 09:00:00,3231.00000,3236.00000,3228.53000,3232.66000,156,eth
254,2022-01-07 08:59:00,3230.62000,3232.55000,3226.11000,3231.01000,318,eth
255,2022-01-07 08:58:00,3235.05000,3235.64000,3230.00000,3230.62000,220,eth
256,2022-01-07 08:57:00,3233.88000,3236.66000,3231.72000,3235.05000,166,eth
257,2022-01-07 08:56:00,3230.57000,3235.04000,3229.90000,3233.88000,235,eth
258,2022-01-07 08:55:00,3232.52000,3236.70000,3227.93000,3230.57000,135,eth
259,2022-01-07 08:54:00,3234.73000,3235.28000,3231.00000,3232.52000,170,eth
260,2022-01-07 08:53:00,3238.58000,3240.01000,3233.54000,3234.73000,328,eth
261,2022-01-07 08:52:00,3234.96000,3239.31000,3234.00000,3238.58000,304,eth
262,2022-01-07 08:51:00,3241.91000,3242.25000,3233.47000,3234.96000,188,eth
263,2022-01-07 08:50:00,3237.23000,3241.99000,3235.78000,3241.83000,241,eth
264,2022-01-07 08:49:00,3236.38000,3238.49000,3233.00000,3237.20000,145,eth
265,2022-01-07 08:48:00,3233.93000,3237.59000,3230.73000,3236.38000,202,eth
266,2022-01-07 08:47:00,3231.46000,3236.31000,3226.48000,3233.93000,331,eth
267,2022-01-07 08:46:00,3236.19000,3237.37000,3230.87000,3231.70000,563,eth
268,2022-01-07 08:45:00,3234.00000,3236.96000,3228.50000,3236.19000,384,eth
269,2022-01-07 08:44:00,3229.50000,3235.08000,3227.38000,3234.00000,390,eth
270,2022-01-07 08:43:00,3229.17000,3230.63000,3223.71000,3229.49000,467,eth
271,2022-01-07 08:42:00,3230.49000,3231.25000,3223.93000,3229.17000,482,eth
272,2022-01-07 08:41:00,3235.13000,3235.46000,3228.94000,3230.01000,432,eth
273,2022-01-07 08:40:00,3241.84000,3242.87000,3230.74000,3235.14000,324,eth
274,2022-01-07 08:39:00,3241.14000,3243.27000,3237.82000,3241.82000,498,eth
275,2022-01-07 08:38:00,3236.10000,3244.43000,3232.90000,3241.44000,1148,eth
276,2022-01-07 08:37:00,3232.38000,3237.47000,3223.63000,3236.10000,846,eth
277,2022-01-07 08:36:00,3239.19000,3239.20000,3229.26000,3232.39000,478,eth
278,2022-01-07 08:35:00,3239.19000,3240.78000,3234.14000,3239.20000,380,eth
279,2022-01-07 08:34:00,3238.04000,3239.44000,3228.58000,3239.19000,568,eth
280,2022-01-07 08:33:00,3237.24000,3241.84000,3232.16000,3238.04000,579,eth
281,2022-01-07 08:32:00,3241.53000,3246.26000,3235.11000,3237.24000,513,eth
282,2022-01-07 08:31:00,3246.55000,3246.84000,3234.83000,3241.54000,828,eth
283,2022-01-07 08:30:00,3241.37000,3261.43000,3240.01000,3246.35000,1901,eth
284,2022-01-07 08:29:00,3251.74000,3255.03000,3238.12000,3241.37000,1495,eth
285,2022-01-07 08:28:00,3257.24000,3258.68000,3235.59000,3251.73000,2583,eth
286,2022-01-07 08:27:00,3269.98000,3275.41000,3245.20000,3257.24000,3816,eth
287,2022-01-07 08:26:00,3202.37000,3289.00000,3201.32000,3269.97000,5244,eth
288,2022-01-07 08:25:00,3199.58000,3202.74000,3195.56000,3202.37000,267,eth
289,2022-01-07 08:24:00,3201.58000,3201.80000,3195.39000,3199.58000,227,eth
290,2022-01-07 08:23:00,3199.27000,3204.26000,3198.24000,3201.80000,457,eth
291,2022-01-07 08:22:00,3197.61000,3200.82000,3196.22000,3199.29000,116,eth
292,2022-01-07 08:21:00,3197.81000,3199.99000,3194.84000,3197.50000,278,eth
293,2022-01-07 08:20:00,3194.44000,3202.31000,3192.47000,3197.82000,508,eth
294,2022-01-07 08:19:00,3189.52000,3195.00000,3189.52000,3194.45000,338,eth
295,2022-01-07 08:18:00,3194.38000,3194.39000,3188.88000,3189.53000,254,eth
296,2022-01-07 08:17:00,3192.00000,3195.18000,3188.66000,3194.38000,767,eth
297,2022-01-07 08:16:00,3196.98000,3196.99000,3190.00000,3192.00000,334,eth
298,2022-01-07 08:15:00,3202.11000,3202.11000,3191.57000,3196.99000,533,eth
299,2022-01-07 08:14:00,3200.41000,3205.74000,3200.41000,3202.10000,296,eth
300,2022-01-07 08:13:00,3198.88000,3202.94000,3196.73000,3200.41000,346,eth
301,2022-01-07 08:12:00,3195.90000,3199.30000,3193.48000,3198.91000,251,eth
302,2022-01-07 08:11:00,3195.45000,3198.83000,3194.89000,3195.90000,345,eth
303,2022-01-07 08:10:00,3203.91000,3203.91000,3192.09000,3195.44000,478,eth
304,2022-01-07 08:09:00,3208.26000,3208.74000,3202.66000,3203.91000,288,eth
305,2022-01-07 08:08:00,3209.79000,3209.80000,3202.81000,3208.26000,304,eth
306,2022-01-07 08:07:00,3212.18000,3212.81000,3205.00000,3209.80000,451,eth
307,2022-01-07 08:06:00,3213.05000,3213.60000,3207.27000,3212.42000,452,eth
308,2022-01-07 08:05:00,3214.71000,3216.35000,3208.00000,3213.05000,571,eth
309,2022-01-07 08:04:00,3208.91000,3216.98000,3207.25000,3214.71000,749,eth
310,2022-01-07 08:03:00,3202.17000,3212.94000,3200.85000,3209.17000,849,eth
311,2022-01-07 08:02:00,3192.25000,3202.17000,3188.01000,3202.14000,464,eth
312,2022-01-07 08:01:00,3196.99000,3197.41000,3188.62000,3192.25000,393,eth
313,2022-01-07 08:00:00,3201.75000,3202.49000,3189.17000,3196.99000,1456,eth
314,2022-01-07 07:59:00,3193.65000,3205.65000,3193.64000,3202.25000,1539,eth
315,2022-01-07 07:58:00,3192.23000,3196.30000,3190.09000,3193.64000,466,eth
316,2022-01-07 07:57:00,3192.47000,3195.99000,3190.47000,3192.22000,259,eth
317,2022-01-07 07:56:00,3196.55000,3197.72000,3190.92000,3192.47000,534,eth
318,2022-01-07 07:55:00,3192.41000,3198.30000,3191.69000,3196.78000,550,eth
319,2022-01-07 07:54:00,3190.37000,3195.00000,3185.64000,3192.40000,534,eth
320,2022-01-07 07:53:00,3197.63000,3197.92000,3188.77000,3190.38000,797,eth
321,2022-01-07 07:52:00,3195.62000,3200.00000,3195.58000,3197.63000,2306,eth
322,2022-01-07 07:51:00,3186.74000,3198.14000,3186.72000,3195.62000,1058,eth
323,2022-01-07 07:50:00,3183.83000,3190.78000,3183.83000,3186.74000,827,eth
324,2022-01-07 07:49:00,3182.47000,3184.54000,3178.44000,3183.84000,458,eth
325,2022-01-07 07:48:00,3179.06000,3183.21000,3178.76000,3182.47000,440,eth
326,2022-01-07 07:47:00,3173.52000,3179.42000,3172.65000,3179.05000,297,eth
327,2022-01-07 07:46:00,3167.76000,3175.47000,3167.75000,3173.52000,406,eth
328,2022-01-07 07:45:00,3164.74000,3168.08000,3164.04000,3167.75000,229,eth
329,2022-01-07 07:44:00,3162.20000,3165.53000,3161.56000,3164.74000,406,eth
330,2022-01-07 07:43:00,3165.54000,3166.34000,3160.00000,3162.20000,309,eth
331,2022-01-07 07:42:00,3167.73000,3168.08000,3161.21000,3165.54000,343,eth
332,2022-01-07 07:41:00,3175.27000,3175.27000,3166.00000,3167.73000,913,eth
333,2022-01-07 07:40:00,3178.54000,3179.89000,3174.15000,3175.27000,188,eth
334,2022-01-07 07:39:00,3173.11000,3178.64000,3171.04000,3178.54000,251,eth
335,2022-01-07 07:38:00,3171.58000,3173.71000,3168.03000,3173.12000,681,eth
336,2022-01-07 07:37:00,3175.53000,3175.53000,3171.35000,3171.58000,544,eth
337,2022-01-07 07:36:00,3178.84000,3178.91000,3173.28000,3175.53000,279,eth
338,2022-01-07 07:35:00,3179.93000,3183.96000,3178.84000,3178.85000,593,eth
339,2022-01-07 07:34:00,3179.38000,3182.79000,3177.28000,3179.92000,444,eth
340,2022-01-07 07:33:00,3176.57000,3179.89000,3175.20000,3179.39000,620,eth
341,2022-01-07 07:32:00,3177.01000,3179.77000,3170.96000,3176.57000,427,eth
342,2022-01-07 07:31:00,3183.77000,3184.14000,3176.02000,3177.02000,533,eth
343,2022-01-07 07:30:00,3179.16000,3188.79000,3178.55000,3183.77000,1042,eth
344,2022-01-07 07:29:00,3176.60000,3179.96000,3173.07000,3179.11000,509,eth
345,2022-01-07 07:28:00,3167.33000,3176.60000,3165.46000,3176.46000,561,eth
346,2022-01-07 07:27:00,3164.27000,3167.33000,3161.61000,3167.32000,546,eth
347,2022-01-07 07:26:00,3163.83000,3165.02000,3159.47000,3164.27000,421,eth
348,2022-01-07 07:25:00,3168.48000,3169.48000,3162.01000,3163.84000,452,eth
349,2022-01-07 07:24:00,3163.78000,3168.63000,3160.43000,3168.63000,737,eth
350,2022-01-07 07:23:00,3164.40000,3164.46000,3158.44000,3164.06000,512,eth
351,2022-01-07 07:22:00,3154.44000,3165.94000,3153.96000,3164.34000,635,eth
352,2022-01-07 07:21:00,3150.52000,3161.54000,3150.19000,3153.96000,1071,eth
353,2022-01-07 07:20:00,3133.08000,3151.17000,3132.55000,3150.52000,830,eth
354,2022-01-07 07:19:00,3138.01000,3140.94000,3131.34000,3133.08000,876,eth
355,2022-01-07 07:18:00,3141.72000,3142.37000,3135.96000,3138.00000,616,eth
356,2022-01-07 07:17:00,3139.32000,3142.69000,3136.75000,3142.36000,540,eth
357,2022-01-07 07:16:00,3135.64000,3141.75000,3134.56000,3139.32000,1221,eth
358,2022-01-07 07:15:00,3118.01000,3137.77000,3117.52000,3136.23000,757,eth
359,2022-01-07 07:14:00,3121.41000,3124.75000,3115.32000,3118.01000,666,eth
360,2022-01-07 07:13:00,3126.53000,3126.97000,3120.83000,3121.42000,388,eth
361,2022-01-07 07:12:00,3123.25000,3126.54000,3115.81000,3126.17000,523,eth
362,2022-01-07 07:11:00,3128.60000,3132.77000,3121.50000,3123.25000,1228,eth
363,2022-01-07 07:10:00,3129.52000,3129.57000,3115.09000,3128.60000,1158,eth
364,2022-01-07 07:09:00,3132.57000,3136.72000,3127.84000,3129.57000,474,eth
365,2022-01-07 07:08:00,3126.98000,3133.55000,3126.79000,3132.81000,717,eth
366,2022-01-07 07:07:00,3136.10000,3136.21000,3113.25000,3127.32000,2325,eth
367,2022-01-07 07:06:00,3138.08000,3144.97000,3134.21000,3135.70000,515,eth
368,2022-01-07 07:05:00,3134.58000,3144.30000,3130.00000,3137.78000,1995,eth
369,2022-01-07 07:04:00,3155.26000,3156.27000,3134.10000,3134.10000,1578,eth
370,2022-01-07 07:03:00,3161.75000,3162.95000,3155.18000,3155.26000,505,eth
371,2022-01-07 07:02:00,3168.99000,3169.46000,3161.63000,3161.75000,437,eth
372,2022-01-07 07:01:00,3167.84000,3169.13000,3163.14000,3168.99000,351,eth
373,2022-01-07 07:00:00,3171.14000,3173.78000,3163.89000,3167.84000,594,eth
374,2022-01-07 06:59:00,3167.69000,3172.83000,3164.94000,3170.98000,574,eth
375,2022-01-07 06:58:00,3171.06000,3175.83000,3166.32000,3167.69000,997,eth
376,2022-01-07 06:57:00,3173.95000,3175.63000,3170.43000,3171.06000,465,eth
377,2022-01-07 06:56:00,3166.58000,3175.41000,3166.00000,3173.96000,788,eth
378,2022-01-07 06:55:00,3159.38000,3167.09000,3159.18000,3166.58000,1049,eth
379,2022-01-07 06:54:00,3165.37000,3168.25000,3158.13000,3159.38000,371,eth
380,2022-01-07 06:53:00,3162.13000,3165.88000,3161.98000,3165.36000,503,eth
381,2022-01-07 06:52:00,3164.11000,3164.50000,3158.18000,3162.32000,452,eth
382,2022-01-07 06:51:00,3159.52000,3164.32000,3156.29000,3164.32000,553,eth
383,2022-01-07 06:50:00,3158.90000,3163.99000,3156.00000,3159.90000,1223,eth
384,2022-01-07 06:49:00,3155.01000,3158.91000,3151.18000,3158.91000,1246,eth
385,2022-01-07 06:48:00,3162.78000,3164.69000,3155.00000,3155.01000,436,eth
386,2022-01-07 06:47:00,3165.17000,3165.20000,3160.27000,3162.77000,523,eth
387,2022-01-07 06:46:00,3166.62000,3171.00000,3165.00000,3165.18000,491,eth
388,2022-01-07 06:45:00,3166.02000,3168.85000,3160.64000,3166.63000,399,eth
389,2022-01-07 06:44:00,3166.37000,3170.60000,3163.69000,3166.02000,944,eth
390,2022-01-07 06:43:00,3159.39000,3168.12000,3155.55000,3166.37000,606,eth
391,2022-01-07 06:42:00,3170.74000,3171.08000,3156.89000,3159.10000,826,eth
392,2022-01-07 06:41:00,3164.02000,3172.94000,3161.52000,3170.89000,862,eth
393,2022-01-07 06:40:00,3170.79000,3170.80000,3161.53000,3164.02000,1110,eth
394,2022-01-07 06:39:00,3178.59000,3179.23000,3161.78000,3170.80000,1788,eth
395,2022-01-07 06:38:00,3184.00000,3184.00000,3173.66000,3178.89000,862,eth
396,2022-01-07 06:37:00,3186.50000,3186.58000,3181.70000,3183.99000,444,eth
397,2022-01-07 06:36:00,3191.04000,3191.30000,3185.37000,3186.37000,257,eth
398,2022-01-07 06:35:00,3195.72000,3196.95000,3189.21000,3191.04000,499,eth
399,2022-01-07 06:34:00,3197.59000,3199.58000,3194.88000,3195.74000,291,eth
400,2022-01-07 06:33:00,3196.78000,3201.84000,3195.37000,3197.59000,1628,eth
401,2022-01-07 06:32:00,3195.65000,3197.45000,3189.69000,3196.79000,490,eth
402,2022-01-07 06:31:00,3192.58000,3197.77000,3189.22000,3195.74000,411,eth
403,2022-01-07 06:30:00,3192.02000,3192.79000,3182.01000,3192.58000,621,eth
404,2022-01-07 06:29:00,3189.89000,3193.66000,3188.26000,3191.72000,260,eth
405,2022-01-07 06:28:00,3193.22000,3193.77000,3189.94000,3190.42000,708,eth
406,2022-01-07 06:27:00,3195.24000,3195.97000,3190.55000,3193.22000,284,eth
407,2022-01-07 06:26:00,3198.34000,3198.35000,3190.52000,3195.24000,388,eth
408,2022-01-07 06:25:00,3199.62000,3205.01000,3198.34000,3198.34000,500,eth
409,2022-01-07 06:24:00,3205.64000,3205.72000,3199.35000,3199.62000,268,eth
410,2022-01-07 06:23:00,3201.10000,3205.92000,3196.87000,3205.64000,386,eth
411,2022-01-07 06:22:00,3193.70000,3201.15000,3193.18000,3200.64000,775,eth
412,2022-01-07 06:21:00,3192.62000,3193.95000,3187.67000,3193.46000,516,eth
413,2022-01-07 06:20:00,3197.63000,3197.64000,3192.01000,3192.62000,563,eth
414,2022-01-07 06:19:00,3197.60000,3200.86000,3194.79000,3197.63000,506,eth
415,2022-01-07 06:18:00,3189.94000,3197.60000,3189.07000,3197.60000,484,eth
416,2022-01-07 06:17:00,3194.87000,3196.56000,3185.16000,3189.94000,769,eth
417,2022-01-07 06:16:00,3201.39000,3202.54000,3191.67000,3194.54000,1191,eth
418,2022-01-07 06:15:00,3207.22000,3209.15000,3200.03000,3201.39000,886,eth
419,2022-01-07 06:14:00,3203.58000,3209.20000,3203.06000,3207.22000,305,eth
420,2022-01-07 06:13:00,3210.55000,3210.88000,3201.74000,3203.59000,610,eth
421,2022-01-07 06:12:00,3210.80000,3211.55000,3207.25000,3210.68000,429,eth
422,2022-01-07 06:11:00,3210.53000,3213.08000,3208.40000,3210.72000,220,eth
423,2022-01-07 06:10:00,3216.01000,3216.01000,3207.30000,3210.53000,519,eth
424,2022-01-07 06:09:00,3219.02000,3219.16000,3213.18000,3216.00000,374,eth
425,2022-01-07 06:08:00,3215.60000,3221.30000,3214.88000,3219.03000,214,eth
426,2022-01-07 06:07:00,3218.73000,3218.78000,3215.59000,3215.60000,213,eth
427,2022-01-07 06:06:00,3222.68000,3223.74000,3218.42000,3218.73000,321,eth
428,2022-01-07 06:05:00,3223.37000,3227.33000,3221.81000,3222.69000,333,eth
429,2022-01-07 06:04:00,3231.83000,3232.21000,3222.23000,3223.37000,975,eth
430,2022-01-07 06:03:00,3230.61000,3234.18000,3230.61000,3231.84000,153,eth
431,2022-01-07 06:02:00,3228.35000,3231.27000,3225.28000,3230.61000,212,eth
432,2022-01-07 06:01:00,3233.68000,3234.73000,3227.92000,3228.35000,235,eth
433,2022-01-07 06:00:00,3235.76000,3236.05000,3232.10000,3233.69000,163,eth
434,2022-01-07 05:59:00,3231.49000,3239.50000,3231.19000,3235.77000,568,eth
435,2022-01-07 05:58:00,3225.61000,3231.50000,3224.00000,3231.49000,159,eth
436,2022-01-07 05:57:00,3227.10000,3227.40000,3222.58000,3225.62000,156,eth
437,2022-01-07 05:56:00,3226.62000,3228.83000,3225.68000,3227.50000,181,eth
438,2022-01-07 05:55:00,3221.38000,3226.62000,3218.89000,3226.62000,295,eth
439,2022-01-07 05:54:00,3221.47000,3225.48000,3216.56000,3221.38000,501,eth
440,2022-01-07 05:53:00,3226.97000,3226.98000,3220.25000,3221.48000,394,eth
441,2022-01-07 05:52:00,3229.41000,3229.73000,3224.12000,3226.97000,111,eth
442,2022-01-07 05:51:00,3228.74000,3230.20000,3225.94000,3229.41000,412,eth
443,2022-01-07 05:50:00,3226.00000,3228.98000,3224.17000,3228.73000,667,eth
444,2022-01-07 05:49:00,3224.96000,3226.38000,3222.16000,3225.99000,754,eth
445,2022-01-07 05:48:00,3230.14000,3230.71000,3223.55000,3224.96000,606,eth
446,2022-01-07 05:47:00,3230.06000,3231.13000,3225.00000,3230.13000,484,eth
447,2022-01-07 05:46:00,3228.79000,3232.06000,3227.93000,3230.06000,201,eth
448,2022-01-07 05:45:00,3229.59000,3230.84000,3226.13000,3228.79000,166,eth
449,2022-01-07 05:44:00,3231.61000,3231.82000,3224.56000,3229.62000,1201,eth
450,2022-01-07 05:43:00,3233.72000,3235.17000,3231.38000,3231.61000,285,eth
451,2022-01-07 05:42:00,3232.81000,3237.74000,3231.59000,3233.72000,327,eth
452,2022-01-07 05:41:00,3232.84000,3235.22000,3231.46000,3232.80000,150,eth
453,2022-01-07 05:40:00,3235.89000,3236.61000,3231.09000,3232.59000,610,eth
454,2022-01-07 05:39:00,3237.29000,3238.59000,3234.42000,3235.89000,1056,eth
455,2022-01-07 05:38:00,3242.07000,3244.17000,3236.20000,3237.29000,621,eth
456,2022-01-07 05:37:00,3239.37000,3243.57000,3238.01000,3242.08000,475,eth
457,2022-01-07 05:36:00,3245.43000,3246.19000,3238.84000,3239.38000,293,eth
458,2022-01-07 05:35:00,3248.55000,3249.33000,3242.76000,3245.43000,311,eth
459,2022-01-07 05:34:00,3244.54000,3248.68000,3240.57000,3248.54000,272,eth
460,2022-01-07 05:33:00,3242.72000,3247.99000,3242.71000,3244.55000,359,eth
461,2022-01-07 05:32:00,3238.96000,3243.85000,3238.00000,3242.72000,418,eth
462,2022-01-07 05:31:00,3240.76000,3241.85000,3235.60000,3238.97000,401,eth
463,2022-01-07 05:30:00,3233.70000,3242.46000,3233.21000,3240.76000,434,eth
464,2022-01-07 05:29:00,3235.85000,3236.39000,3230.00000,3233.70000,438,eth
465,2022-01-07 05:28:00,3233.18000,3237.86000,3232.49000,3235.86000,267,eth
466,2022-01-07 05:27:00,3234.59000,3235.93000,3230.05000,3233.18000,456,eth
467,2022-01-07 05:26:00,3237.69000,3237.69000,3232.87000,3234.59000,213,eth
468,2022-01-07 05:25:00,3238.19000,3238.59000,3233.00000,3237.69000,637,eth
469,2022-01-07 05:24:00,3240.75000,3241.05000,3235.71000,3238.18000,723,eth
470,2022-01-07 05:23:00,3240.63000,3241.23000,3235.00000,3240.75000,975,eth
471,2022-01-07 05:22:00,3243.07000,3245.69000,3240.29000,3240.63000,255,eth
472,2022-01-07 05:21:00,3243.01000,3246.05000,3241.57000,3243.19000,533,eth
473,2022-01-07 05:20:00,3240.67000,3245.97000,3239.45000,3243.01000,602,eth
474,2022-01-07 05:19:00,3240.42000,3242.31000,3235.20000,3241.23000,343,eth
475,2022-01-07 05:18:00,3233.80000,3242.47000,3233.17000,3240.42000,685,eth
476,2022-01-07 05:17:00,3228.80000,3234.72000,3228.72000,3233.79000,241,eth
477,2022-01-07 05:16:00,3232.09000,3234.16000,3228.79000,3228.80000,573,eth
478,2022-01-07 05:15:00,3229.64000,3233.91000,3228.30000,3231.64000,1048,eth
479,2022-01-07 05:14:00,3223.86000,3230.96000,3222.92000,3230.56000,774,eth
480,2022-01-07 05:13:00,3217.37000,3223.90000,3212.98000,3223.85000,260,eth
481,2022-01-07 05:12:00,3213.81000,3218.73000,3211.85000,3217.37000,346,eth
482,2022-01-07 05:11:00,3222.06000,3222.06000,3213.40000,3214.10000,458,eth
483,2022-01-07 05:10:00,3225.00000,3227.42000,3218.28000,3222.05000,1394,eth
484,2022-01-07 05:09:00,3227.44000,3229.14000,3225.00000,3225.01000,302,eth
485,2022-01-07 05:08:00,3231.95000,3233.67000,3227.11000,3227.45000,587,eth
486,2022-01-07 05:07:00,3221.83000,3233.00000,3221.03000,3231.95000,575,eth
487,2022-01-07 05:06:00,3224.54000,3224.70000,3217.94000,3222.39000,453,eth
488,2022-01-07 05:05:00,3222.95000,3228.07000,3222.94000,3224.54000,1551,eth
489,2022-01-07 05:04:00,3217.81000,3224.50000,3217.79000,3222.95000,480,eth
490,2022-01-07 05:03:00,3222.92000,3223.99000,3216.78000,3217.79000,496,eth
491,2022-01-07 05:02:00,3217.83000,3223.33000,3214.13000,3222.91000,852,eth
492,2022-01-07 05:01:00,3222.75000,3222.94000,3212.76000,3217.83000,1051,eth
493,2022-01-07 05:00:00,3217.31000,3225.99000,3217.16000,3222.75000,979,eth
494,2022-01-07 04:59:00,3212.49000,3220.00000,3211.24000,3217.31000,1662,eth
495,2022-01-07 04:58:00,3206.35000,3214.07000,3204.13000,3212.49000,521,eth
496,2022-01-07 04:57:00,3207.31000,3210.02000,3203.40000,3206.34000,444,eth
497,2022-01-07 04:56:00,3217.10000,3218.81000,3206.44000,3207.30000,837,eth
498,2022-01-07 04:55:00,3211.07000,3217.78000,3208.86000,3217.10000,610,eth
499,2022-01-07 04:54:00,3216.16000,3217.74000,3208.57000,3211.06000,1258,eth
500,2022-01-07 04:53:00,3220.45000,3222.00000,3210.17000,3216.17000,895,eth
501,2022-01-07 04:52:00,3213.69000,3222.00000,3209.32000,3220.06000,684,eth
502,2022-01-07 04:51:00,3217.27000,3220.00000,3210.50000,3213.51000,1086,eth
503,2022-01-07 04:50:00,3210.17000,3219.41000,3209.02000,3217.26000,1446,eth
504,2022-01-07 04:49:00,3207.89000,3211.35000,3203.91000,3210.17000,709,eth
505,2022-01-07 04:48:00,3202.42000,3208.54000,3201.05000,3207.95000,647,eth
506,2022-01-07 04:47:00,3202.55000,3208.23000,3192.13000,3202.42000,1816,eth
507,2022-01-07 04:46:00,3194.85000,3210.01000,3191.94000,3202.55000,2162,eth
508,2022-01-07 04:45:00,3184.24000,3196.00000,3183.84000,3194.83000,697,eth
509,2022-01-07 04:44:00,3182.01000,3188.57000,3180.33000,3184.24000,749,eth
510,2022-01-07 04:43:00,3180.05000,3184.35000,3178.00000,3181.82000,495,eth
511,2022-01-07 04:42:00,3182.56000,3185.32000,3173.86000,3180.05000,753,eth
512,2022-01-07 04:41:00,3179.13000,3184.48000,3176.95000,3182.56000,994,eth
513,2022-01-07 04:40:00,3178.49000,3180.53000,3170.97000,3179.14000,867,eth
514,2022-01-07 04:39:00,3169.22000,3180.00000,3165.94000,3178.31000,1130,eth
515,2022-01-07 04:38:00,3158.54000,3170.00000,3155.51000,3169.23000,924,eth
516,2022-01-07 04:37:00,3168.40000,3168.40000,3155.59000,3158.54000,1285,eth
517,2022-01-07 04:36:00,3147.84000,3174.59000,3147.18000,3168.40000,1691,eth
518,2022-01-07 04:35:00,3162.07000,3162.89000,3140.27000,3146.81000,3809,eth
519,2022-01-07 04:34:00,3167.10000,3171.40000,3158.55000,3162.81000,1309,eth
520,2022-01-07 04:33:00,3176.40000,3177.14000,3163.24000,3167.11000,1297,eth
521,2022-01-07 04:32:00,3183.62000,3185.89000,3173.19000,3176.06000,678,eth
522,2022-01-07 04:31:00,3189.88000,3192.20000,3180.06000,3183.62000,811,eth
523,2022-01-07 04:30:00,3191.42000,3194.08000,3180.56000,3189.89000,1398,eth
524,2022-01-07 04:29:00,3189.46000,3193.71000,3182.00000,3191.42000,875,eth
525,2022-01-07 04:28:00,3186.67000,3191.49000,3182.59000,3189.46000,778,eth
526,2022-01-07 04:27:00,3191.04000,3193.01000,3181.44000,3187.21000,686,eth
527,2022-01-07 04:26:00,3183.55000,3195.61000,3180.36000,3191.23000,2719,eth
528,2022-01-07 04:25:00,3179.98000,3189.73000,3179.98000,3183.55000,1168,eth
529,2022-01-07 04:24:00,3182.72000,3183.78000,3170.68000,3179.98000,1220,eth
530,2022-01-07 04:23:00,3192.88000,3195.10000,3180.48000,3182.72000,785,eth
531,2022-01-07 04:22:00,3185.45000,3197.06000,3184.24000,3192.88000,1327,eth
532,2022-01-07 04:21:00,3172.50000,3193.00000,3160.20000,3185.45000,3064,eth
533,2022-01-07 04:20:00,3174.16000,3182.09000,3170.17000,3172.50000,2043,eth
534,2022-01-07 04:19:00,3188.62000,3190.19000,3165.00000,3173.52000,3618,eth
535,2022-01-07 04:18:00,3193.55000,3201.54000,3185.00000,3188.62000,2870,eth
536,2022-01-07 04:17:00,3214.42000,3214.42000,3193.12000,3194.02000,3450,eth
537,2022-01-07 04:16:00,3217.52000,3218.01000,3205.55000,3214.42000,1366,eth
538,2022-01-07 04:15:00,3218.51000,3220.04000,3213.79000,3217.85000,879,eth
539,2022-01-07 04:14:00,3217.80000,3225.05000,3216.59000,3218.51000,418,eth
540,2022-01-07 04:13:00,3228.09000,3231.60000,3216.97000,3217.80000,1009,eth
541,2022-01-07 04:12:00,3228.76000,3231.18000,3223.58000,3228.10000,630,eth
542,2022-01-07 04:11:00,3233.59000,3233.59000,3225.94000,3228.75000,416,eth
543,2022-01-07 04:10:00,3229.69000,3233.88000,3222.62000,3233.59000,351,eth
544,2022-01-07 04:09:00,3233.19000,3236.02000,3229.04000,3229.42000,401,eth
545,2022-01-07 04:08:00,3231.41000,3235.61000,3230.91000,3233.19000,754,eth
546,2022-01-07 04:07:00,3218.89000,3235.00000,3215.70000,3231.41000,1254,eth
547,2022-01-07 04:06:00,3229.76000,3230.04000,3213.00000,3218.89000,2239,eth
548,2022-01-07 04:05:00,3231.27000,3236.21000,3228.98000,3229.76000,766,eth
549,2022-01-07 04:04:00,3236.72000,3238.04000,3228.83000,3231.20000,573,eth
550,2022-01-07 04:03:00,3247.05000,3250.00000,3235.99000,3236.72000,599,eth
551,2022-01-07 04:02:00,3246.11000,3248.81000,3242.35000,3247.31000,488,eth
552,2022-01-07 04:01:00,3243.55000,3251.42000,3241.72000,3246.11000,1481,eth
553,2022-01-07 04:00:00,3238.74000,3244.88000,3228.15000,3243.55000,1178,eth
554,2022-01-07 03:59:00,3240.53000,3241.51000,3236.84000,3238.74000,472,eth
555,2022-01-07 03:58:00,3237.16000,3241.71000,3232.78000,3240.53000,841,eth
556,2022-01-07 03:57:00,3238.51000,3243.21000,3234.91000,3237.16000,1041,eth
557,2022-01-07 03:56:00,3247.37000,3248.01000,3237.39000,3238.51000,877,eth
558,2022-01-07 03:55:00,3255.03000,3257.17000,3243.78000,3247.37000,522,eth
559,2022-01-07 03:54:00,3253.62000,3255.72000,3250.00000,3255.02000,513,eth
560,2022-01-07 03:53:00,3255.40000,3259.00000,3251.08000,3253.80000,491,eth
561,2022-01-07 03:52:00,3259.60000,3263.90000,3252.99000,3255.40000,616,eth
562,2022-01-07 03:51:00,3250.09000,3260.39000,3250.08000,3259.60000,524,eth
563,2022-01-07 03:50:00,3257.22000,3257.85000,3248.01000,3250.08000,1261,eth
564,2022-01-07 03:49:00,3256.06000,3262.47000,3254.18000,3257.22000,921,eth
565,2022-01-07 03:48:00,3254.73000,3262.52000,3251.97000,3256.06000,613,eth
566,2022-01-07 03:47:00,3258.08000,3264.94000,3254.25000,3254.73000,928,eth
567,2022-01-07 03:46:00,3255.24000,3258.95000,3250.00000,3258.20000,1073,eth
568,2022-01-07 03:45:00,3249.59000,3270.55000,3244.63000,3256.09000,2038,eth
569,2022-01-07 03:44:00,3244.62000,3252.85000,3240.64000,3249.60000,1624,eth
570,2022-01-07 03:43:00,3230.37000,3245.21000,3227.82000,3244.24000,2487,eth
571,2022-01-07 03:42:00,3259.55000,3260.24000,3228.00000,3230.37000,3409,eth
572,2022-01-07 03:41:00,3263.16000,3265.00000,3251.55000,3260.14000,1055,eth
573,2022-01-07 03:40:00,3272.27000,3273.85000,3257.11000,3263.16000,1437,eth
574,2022-01-07 03:39:00,3273.41000,3279.54000,3271.61000,3272.27000,533,eth
575,2022-01-07 03:38:00,3273.01000,3275.66000,3267.08000,3273.40000,705,eth
576,2022-01-07 03:37:00,3268.47000,3278.14000,3267.87000,3272.26000,931,eth
577,2022-01-07 03:36:00,3276.07000,3279.65000,3268.47000,3269.36000,800,eth
578,2022-01-07 03:35:00,3276.05000,3280.90000,3267.58000,3276.07000,858,eth
579,2022-01-07 03:34:00,3271.27000,3284.37000,3265.40000,3276.66000,1548,eth
580,2022-01-07 03:33:00,3278.18000,3286.02000,3268.44000,3271.13000,2514,eth
581,2022-01-07 03:32:00,3277.94000,3288.53000,3266.59000,3277.83000,2705,eth
582,2022-01-07 03:31:00,3301.23000,3301.65000,3250.00000,3277.94000,8548,eth
583,2022-01-07 03:30:00,3309.50000,3312.44000,3298.03000,3301.23000,676,eth
584,2022-01-07 03:29:00,3302.64000,3310.00000,3296.02000,3309.51000,2689,eth
585,2022-01-07 03:28:00,3309.19000,3311.71000,3302.02000,3302.64000,656,eth
586,2022-01-07 03:27:00,3305.73000,3310.42000,3300.07000,3309.19000,1021,eth
587,2022-01-07 03:26:00,3309.02000,3314.69000,3305.70000,3306.34000,469,eth
588,2022-01-07 03:25:00,3311.98000,3315.98000,3309.00000,3309.02000,506,eth
589,2022-01-07 03:24:00,3318.30000,3322.54000,3305.72000,3311.98000,1080,eth
590,2022-01-07 03:23:00,3338.59000,3341.08000,3308.00000,3318.31000,4015,eth
591,2022-01-07 03:22:00,3346.89000,3346.89000,3338.26000,3338.59000,687,eth
592,2022-01-07 03:21:00,3347.55000,3348.12000,3342.96000,3346.89000,264,eth
593,2022-01-07 03:20:00,3354.32000,3357.51000,3344.90000,3347.54000,489,eth
594,2022-01-07 03:19:00,3354.61000,3355.35000,3350.54000,3354.59000,142,eth
595,2022-01-07 03:18:00,3348.57000,3356.80000,3346.27000,3354.61000,373,eth
596,2022-01-07 03:17:00,3347.66000,3349.71000,3347.59000,3348.57000,222,eth
597,2022-01-07 03:16:00,3350.00000,3350.07000,3347.36000,3347.68000,146,eth
598,2022-01-07 03:15:00,3351.91000,3353.47000,3350.00000,3350.07000,154,eth
599,2022-01-07 03:14:00,3355.87000,3355.87000,3350.92000,3351.91000,92,eth
600,2022-01-07 03:13:00,3355.62000,3357.75000,3353.59000,3355.86000,105,eth
601,2022-01-07 03:12:00,3354.99000,3358.41000,3353.51000,3355.27000,235,eth
602,2022-01-07 03:11:00,3357.13000,3358.11000,3354.72000,3354.99000,278,eth
603,2022-01-07 03:10:00,3350.57000,3357.97000,3349.56000,3356.80000,401,eth
604,2022-01-07 03:09:00,3351.13000,3351.41000,3347.41000,3350.57000,108,eth
605,2022-01-07 03:08:00,3346.46000,3351.99000,3346.21000,3351.13000,160,eth
606,2022-01-07 03:07:00,3345.74000,3349.40000,3343.02000,3345.74000,440,eth
607,2022-01-07 03:06:00,3350.91000,3352.41000,3342.62000,3345.61000,1284,eth
608,2022-01-07 03:05:00,3353.83000,3355.04000,3350.91000,3350.95000,377,eth
609,2022-01-07 03:04:00,3358.44000,3358.74000,3353.00000,3353.32000,225,eth
610,2022-01-07 03:03:00,3359.66000,3359.96000,3357.11000,3358.74000,203,eth
611,2022-01-07 03:02:00,3356.06000,3359.87000,3355.24000,3359.65000,217,eth
612,2022-01-07 03:01:00,3358.98000,3359.31000,3353.07000,3356.24000,585,eth
613,2022-01-07 03:00:00,3361.61000,3364.62000,3358.71000,3359.31000,221,eth
614,2022-01-07 02:59:00,3359.52000,3361.62000,3359.00000,3361.20000,281,eth
615,2022-01-07 02:58:00,3360.81000,3361.58000,3357.72000,3359.51000,281,eth
616,2022-01-07 02:57:00,3363.92000,3364.46000,3360.00000,3360.80000,232,eth
617,2022-01-07 02:56:00,3369.23000,3369.69000,3360.53000,3363.92000,422,eth
618,2022-01-07 02:55:00,3374.39000,3374.81000,3367.83000,3369.24000,179,eth
619,2022-01-07 02:54:00,3375.06000,3375.06000,3373.01000,3374.39000,78,eth
620,2022-01-07 02:53:00,3373.99000,3376.22000,3373.99000,3374.79000,233,eth
621,2022-01-07 02:52:00,3375.42000,3376.92000,3373.46000,3374.00000,126,eth
622,2022-01-07 02:51:00,3373.87000,3375.99000,3373.32000,3375.30000,103,eth
623,2022-01-07 02:50:00,3372.74000,3376.00000,3372.73000,3373.88000,257,eth
624,2022-01-07 02:49:00,3369.98000,3373.78000,3369.98000,3372.74000,117,eth
625,2022-01-07 02:48:00,3370.24000,3370.25000,3367.72000,3369.98000,133,eth
626,2022-01-07 02:47:00,3369.56000,3371.10000,3369.42000,3370.25000,75,eth
627,2022-01-07 02:46:00,3373.55000,3373.69000,3369.41000,3369.56000,128,eth
628,2022-01-07 02:45:00,3370.54000,3374.04000,3369.85000,3373.56000,144,eth
629,2022-01-07 02:44:00,3369.23000,3371.91000,3367.73000,3370.54000,130,eth
630,2022-01-07 02:43:00,3367.01000,3369.63000,3367.01000,3369.23000,134,eth
631,2022-01-07 02:42:00,3371.49000,3372.71000,3367.01000,3367.02000,346,eth
632,2022-01-07 02:41:00,3371.72000,3374.48000,3370.15000,3371.49000,201,eth
633,2022-01-07 02:40:00,3369.62000,3372.82000,3369.26000,3371.77000,102,eth
634,2022-01-07 02:39:00,3369.98000,3370.48000,3369.11000,3369.61000,121,eth
635,2022-01-07 02:38:00,3372.70000,3373.53000,3369.55000,3369.98000,135,eth
636,2022-01-07 02:37:00,3371.06000,3373.59000,3370.42000,3372.62000,174,eth
637,2022-01-07 02:36:00,3371.74000,3372.57000,3370.36000,3371.06000,105,eth
638,2022-01-07 02:35:00,3372.71000,3373.51000,3370.90000,3371.58000,128,eth
639,2022-01-07 02:34:00,3375.27000,3375.27000,3372.33000,3372.71000,81,eth
640,2022-01-07 02:33:00,3378.97000,3378.98000,3374.73000,3375.27000,412,eth
641,2022-01-07 02:32:00,3381.13000,3381.17000,3378.61000,3378.97000,58,eth
642,2022-01-07 02:31:00,3384.48000,3385.51000,3380.60000,3381.13000,116,eth
643,2022-01-07 02:30:00,3383.20000,3386.31000,3383.19000,3384.49000,194,eth
644,2022-01-07 02:29:00,3381.71000,3384.33000,3381.44000,3383.19000,152,eth
645,2022-01-07 02:28:00,3384.36000,3384.36000,3380.53000,3381.86000,52,eth
646,2022-01-07 02:27:00,3384.65000,3385.58000,3383.10000,3384.36000,69,eth
647,2022-01-07 02:26:00,3379.17000,3385.88000,3379.16000,3384.95000,203,eth
648,2022-01-07 02:25:00,3380.07000,3380.76000,3378.88000,3379.17000,71,eth
649,2022-01-07 02:24:00,3383.99000,3384.00000,3379.76000,3380.06000,100,eth
650,2022-01-07 02:23:00,3385.26000,3386.52000,3383.01000,3383.99000,128,eth
651,2022-01-07 02:22:00,3384.45000,3386.19000,3384.45000,3385.26000,33,eth
652,2022-01-07 02:21:00,3382.24000,3386.31000,3382.06000,3384.62000,96,eth
653,2022-01-07 02:20:00,3380.87000,3383.76000,3378.69000,3382.06000,120,eth
654,2022-01-07 02:19:00,3384.48000,3384.51000,3380.78000,3380.78000,113,eth
655,2022-01-07 02:18:00,3380.85000,3384.53000,3379.79000,3384.48000,139,eth
656,2022-01-07 02:17:00,3378.94000,3381.84000,3376.99000,3380.85000,274,eth
657,2022-01-07 02:16:00,3379.19000,3379.47000,3375.17000,3378.94000,202,eth
658,2022-01-07 02:15:00,3374.71000,3380.48000,3374.46000,3379.19000,537,eth
659,2022-01-07 02:14:00,3375.09000,3376.43000,3373.70000,3374.70000,189,eth
660,2022-01-07 02:13:00,3376.73000,3376.74000,3374.57000,3374.80000,193,eth
661,2022-01-07 02:12:00,3375.97000,3377.21000,3375.97000,3376.73000,140,eth
662,2022-01-07 02:11:00,3379.06000,3379.32000,3375.93000,3375.97000,182,eth
663,2022-01-07 02:10:00,3377.64000,3380.16000,3377.63000,3379.07000,130,eth
664,2022-01-07 02:09:00,3378.01000,3379.56000,3377.21000,3377.64000,213,eth
665,2022-01-07 02:08:00,3385.15000,3385.16000,3376.19000,3378.01000,199,eth
666,2022-01-07 02:07:00,3385.75000,3386.06000,3383.85000,3385.15000,161,eth
667,2022-01-07 02:06:00,3386.68000,3388.94000,3385.47000,3385.74000,128,eth
668,2022-01-07 02:05:00,3391.79000,3391.80000,3386.08000,3386.69000,171,eth
669,2022-01-07 02:04:00,3390.09000,3392.10000,3390.08000,3391.79000,97,eth
670,2022-01-07 02:03:00,3387.17000,3391.01000,3384.92000,3390.09000,183,eth
671,2022-01-07 02:02:00,3386.54000,3388.02000,3385.73000,3387.18000,110,eth
672,2022-01-07 02:01:00,3386.77000,3387.03000,3385.30000,3386.53000,174,eth
673,2022-01-07 02:00:00,3391.59000,3391.59000,3386.52000,3386.77000,360,eth
674,2022-01-07 01:59:00,3392.45000,3392.45000,3391.54000,3391.59000,144,eth
675,2022-01-07 01:58:00,3393.98000,3394.24000,3392.44000,3392.44000,251,eth
676,2022-01-07 01:57:00,3391.53000,3393.99000,3391.52000,3393.99000,153,eth
677,2022-01-07 01:56:00,3391.27000,3392.90000,3391.15000,3391.53000,163,eth
678,2022-01-07 01:55:00,3390.65000,3393.08000,3390.52000,3391.27000,124,eth
679,2022-01-07 01:54:00,3390.17000,3391.29000,3389.73000,3390.44000,110,eth
680,2022-01-07 01:53:00,3391.36000,3391.77000,3387.59000,3390.17000,303,eth
681,2022-01-07 01:52:00,3393.93000,3393.93000,3390.00000,3391.37000,158,eth
682,2022-01-07 01:51:00,3392.34000,3394.40000,3389.00000,3393.31000,344,eth
683,2022-01-07 01:50:00,3387.90000,3393.78000,3387.30000,3392.34000,144,eth
684,2022-01-07 01:49:00,3390.00000,3391.88000,3387.89000,3387.89000,271,eth
685,2022-01-07 01:48:00,3388.54000,3390.56000,3387.57000,3390.01000,187,eth
686,2022-01-07 01:47:00,3385.93000,3391.68000,3384.94000,3388.54000,296,eth
687,2022-01-07 01:46:00,3385.33000,3386.00000,3383.67000,3385.93000,92,eth
688,2022-01-07 01:45:00,3382.77000,3386.00000,3382.14000,3385.32000,149,eth
689,2022-01-07 01:44:00,3384.14000,3384.51000,3380.04000,3382.78000,515,eth
690,2022-01-07 01:43:00,3383.53000,3385.80000,3382.40000,3384.15000,420,eth
691,2022-01-07 01:42:00,3382.42000,3386.25000,3380.14000,3383.54000,281,eth
692,2022-01-07 01:41:00,3379.39000,3382.42000,3379.39000,3382.41000,73,eth
693,2022-01-07 01:40:00,3378.58000,3380.45000,3376.36000,3379.69000,200,eth
694,2022-01-07 01:39:00,3379.75000,3380.31000,3376.51000,3378.57000,133,eth
695,2022-01-07 01:38:00,3378.70000,3380.53000,3377.76000,3379.74000,259,eth
696,2022-01-07 01:37:00,3381.04000,3381.51000,3378.57000,3378.69000,216,eth
697,2022-01-07 01:36:00,3383.27000,3383.28000,3380.44000,3381.03000,101,eth
698,2022-01-07 01:35:00,3384.11000,3384.33000,3381.84000,3383.28000,96,eth
699,2022-01-07 01:34:00,3385.74000,3385.75000,3378.83000,3384.10000,139,eth
700,2022-01-07 01:33:00,3385.71000,3389.05000,3384.90000,3385.75000,359,eth
701,2022-01-07 01:32:00,3383.08000,3389.77000,3383.08000,3385.71000,184,eth
702,2022-01-07 01:31:00,3383.62000,3384.04000,3382.68000,3383.08000,111,eth
703,2022-01-07 01:30:00,3382.44000,3384.93000,3381.34000,3383.63000,190,eth
704,2022-01-07 01:29:00,3384.46000,3384.58000,3382.41000,3382.45000,103,eth
705,2022-01-07 01:28:00,3381.34000,3384.86000,3381.27000,3384.47000,72,eth
706,2022-01-07 01:27:00,3375.52000,3382.39000,3373.68000,3381.34000,180,eth
707,2022-01-07 01:26:00,3373.44000,3375.53000,3371.34000,3375.51000,98,eth
708,2022-01-07 01:25:00,3370.98000,3373.99000,3370.81000,3373.13000,59,eth
709,2022-01-07 01:24:00,3369.55000,3372.01000,3369.01000,3370.98000,155,eth
710,2022-01-07 01:23:00,3371.16000,3371.16000,3367.28000,3369.56000,194,eth
711,2022-01-07 01:22:00,3373.52000,3373.83000,3369.00000,3371.16000,161,eth
712,2022-01-07 01:21:00,3375.19000,3375.45000,3372.43000,3373.52000,126,eth
713,2022-01-07 01:20:00,3374.34000,3376.41000,3372.76000,3375.19000,224,eth
714,2022-01-07 01:19:00,3376.32000,3378.24000,3373.84000,3374.34000,143,eth
715,2022-01-07 01:18:00,3374.63000,3377.60000,3373.66000,3376.30000,121,eth
716,2022-01-07 01:17:00,3373.59000,3375.98000,3369.10000,3374.63000,139,eth
717,2022-01-07 01:16:00,3378.34000,3378.73000,3372.63000,3373.59000,165,eth
718,2022-01-07 01:15:00,3379.85000,3380.30000,3377.49000,3378.34000,105,eth
719,2022-01-07 01:14:00,3376.99000,3380.47000,3376.99000,3379.57000,123,eth
720,2022-01-07 01:13:00,3375.40000,3377.35000,3373.13000,3377.00000,141,eth
721,2022-01-07 01:12:00,3380.67000,3380.73000,3375.14000,3375.40000,91,eth
722,2022-01-07 01:11:00,3383.03000,3383.10000,3377.48000,3380.73000,237,eth
723,2022-01-07 01:10:00,3381.94000,3385.07000,3381.94000,3383.03000,232,eth
724,2022-01-07 01:09:00,3381.63000,3383.78000,3380.01000,3381.94000,280,eth
725,2022-01-07 01:08:00,3382.38000,3384.23000,3381.55000,3381.68000,145,eth
726,2022-01-07 01:07:00,3380.39000,3382.38000,3379.85000,3382.37000,147,eth
727,2022-01-07 01:06:00,3376.71000,3382.49000,3376.70000,3380.65000,289,eth
728,2022-01-07 01:05:00,3376.25000,3378.04000,3375.53000,3376.71000,121,eth
729,2022-01-07 01:04:00,3375.69000,3379.36000,3375.62000,3376.26000,162,eth
730,2022-01-07 01:03:00,3378.89000,3379.97000,3373.69000,3375.69000,389,eth
731,2022-01-07 01:02:00,3377.30000,3380.20000,3375.88000,3378.88000,358,eth
732,2022-01-07 01:01:00,3371.59000,3377.97000,3370.01000,3377.31000,562,eth
733,2022-01-07 01:00:00,3366.71000,3372.83000,3366.57000,3371.59000,596,eth
734,2022-01-07 00:59:00,3367.97000,3369.06000,3365.65000,3366.71000,237,eth
735,2022-01-07 00:58:00,3372.38000,3372.46000,3365.01000,3367.97000,259,eth
736,2022-01-07 00:57:00,3369.83000,3372.38000,3368.25000,3372.38000,270,eth
737,2022-01-07 00:56:00,3369.68000,3371.66000,3367.97000,3369.84000,144,eth
738,2022-01-07 00:55:00,3372.79000,3374.22000,3367.50000,3369.68000,244,eth
739,2022-01-07 00:54:00,3372.59000,3373.12000,3369.51000,3372.79000,173,eth
740,2022-01-07 00:53:00,3374.87000,3376.21000,3371.65000,3372.59000,182,eth
741,2022-01-07 00:52:00,3375.53000,3379.04000,3374.52000,3374.87000,178,eth
742,2022-01-07 00:51:00,3374.51000,3376.14000,3374.50000,3375.53000,131,eth
743,2022-01-07 00:50:00,3370.01000,3375.13000,3368.11000,3374.50000,397,eth
744,2022-01-07 00:49:00,3374.62000,3376.21000,3370.01000,3370.02000,237,eth
745,2022-01-07 00:48:00,3377.98000,3378.35000,3373.93000,3374.62000,237,eth
746,2022-01-07 00:47:00,3374.58000,3377.99000,3374.58000,3377.99000,256,eth
747,2022-01-07 00:46:00,3372.80000,3375.70000,3371.91000,3374.59000,253,eth
748,2022-01-07 00:45:00,3369.62000,3374.28000,3369.09000,3372.79000,405,eth
749,2022-01-07 00:44:00,3370.13000,3371.20000,3366.08000,3369.62000,315,eth
750,2022-01-07 00:43:00,3370.93000,3372.40000,3369.16000,3370.12000,261,eth
751,2022-01-07 00:42:00,3372.05000,3373.38000,3367.90000,3370.93000,460,eth
752,2022-01-07 00:41:00,3380.47000,3381.37000,3371.41000,3371.71000,139,eth
753,2022-01-07 00:40:00,3376.61000,3380.48000,3375.00000,3380.48000,325,eth
754,2022-01-07 00:39:00,3382.72000,3383.82000,3373.00000,3376.61000,278,eth
755,2022-01-07 00:38:00,3381.69000,3385.75000,3381.68000,3382.73000,198,eth
756,2022-01-07 00:37:00,3382.00000,3382.89000,3379.78000,3381.68000,170,eth
757,2022-01-07 00:36:00,3379.70000,3382.00000,3377.25000,3381.99000,137,eth
758,2022-01-07 00:35:00,3374.35000,3380.97000,3372.78000,3379.71000,249,eth
759,2022-01-07 00:34:00,3380.28000,3382.17000,3374.06000,3374.35000,877,eth
760,2022-01-07 00:33:00,3381.70000,3385.00000,3380.26000,3380.28000,244,eth
761,2022-01-07 00:32:00,3386.60000,3387.36000,3380.41000,3381.70000,530,eth
762,2022-01-07 00:31:00,3391.63000,3391.90000,3386.60000,3386.60000,234,eth
763,2022-01-07 00:30:00,3388.87000,3393.26000,3387.41000,3391.62000,271,eth
764,2022-01-07 00:29:00,3390.97000,3391.74000,3388.84000,3388.86000,198,eth
765,2022-01-07 00:28:00,3391.76000,3394.01000,3390.40000,3390.98000,238,eth
766,2022-01-07 00:27:00,3387.32000,3392.15000,3385.67000,3391.75000,311,eth
767,2022-01-07 00:26:00,3389.62000,3390.70000,3386.26000,3387.15000,177,eth
768,2022-01-07 00:25:00,3390.13000,3390.49000,3387.09000,3389.70000,177,eth
769,2022-01-07 00:24:00,3394.69000,3397.89000,3390.12000,3390.13000,167,eth
770,2022-01-07 00:23:00,3397.70000,3398.21000,3394.19000,3394.68000,193,eth
771,2022-01-07 00:22:00,3396.64000,3398.00000,3394.19000,3397.69000,177,eth
772,2022-01-07 00:21:00,3388.16000,3396.94000,3388.16000,3396.64000,227,eth
773,2022-01-07 00:20:00,3386.35000,3388.77000,3385.71000,3388.16000,279,eth
774,2022-01-07 00:19:00,3392.22000,3393.34000,3386.35000,3386.35000,294,eth
775,2022-01-07 00:18:00,3397.33000,3397.58000,3392.01000,3392.22000,346,eth
776,2022-01-07 00:17:00,3400.23000,3400.75000,3397.20000,3397.58000,130,eth
777,2022-01-07 00:16:00,3394.77000,3400.56000,3394.76000,3400.23000,210,eth
778,2022-01-07 00:15:00,3391.02000,3395.98000,3391.02000,3394.76000,123,eth
779,2022-01-07 00:14:00,3391.36000,3391.93000,3390.65000,3391.03000,89,eth
780,2022-01-07 00:13:00,3391.97000,3394.52000,3388.19000,3391.37000,569,eth
781,2022-01-07 00:12:00,3397.09000,3397.10000,3390.82000,3391.97000,212,eth
782,2022-01-07 00:11:00,3395.28000,3398.01000,3393.64000,3397.10000,297,eth
783,2022-01-07 00:10:00,3395.42000,3399.93000,3393.42000,3395.29000,247,eth
784,2022-01-07 00:09:00,3401.74000,3401.75000,3394.34000,3394.81000,479,eth
785,2022-01-07 00:08:00,3403.71000,3403.93000,3398.74000,3401.75000,787,eth
786,2022-01-07 00:07:00,3409.22000,3409.23000,3403.71000,3403.71000,183,eth
787,2022-01-07 00:06:00,3406.62000,3409.23000,3406.55000,3409.22000,85,eth
788,2022-01-07 00:05:00,3405.84000,3407.03000,3405.52000,3406.62000,62,eth
789,2022-01-07 00:04:00,3409.48000,3409.75000,3404.65000,3406.13000,150,eth
790,2022-01-07 00:03:00,3412.33000,3414.07000,3408.12000,3409.48000,251,eth
791,2022-01-07 00:02:00,3408.61000,3416.76000,3408.12000,3412.33000,222,eth
792,2022-01-07 00:01:00,3415.25000,3415.59000,3407.77000,3408.61000,191,eth
793,2022-01-07 00:00:00,3406.81000,3416.73000,3404.14000,3415.24000,755,eth
794,2022-01-06 23:59:00,3411.08000,3411.88000,3406.33000,3406.81000,233,eth
795,2022-01-06 23:58:00,3412.81000,3412.82000,3410.40000,3411.08000,65,eth
796,2022-01-06 23:57:00,3409.28000,3413.02000,3409.11000,3412.82000,129,eth
797,2022-01-06 23:56:00,3408.63000,3410.00000,3408.61000,3409.27000,85,eth
798,2022-01-06 23:55:00,3408.86000,3409.37000,3407.99000,3408.87000,173,eth
799,2022-01-06 23:54:00,3408.83000,3409.73000,3405.74000,3408.86000,216,eth
800,2022-01-06 23:53:00,3409.58000,3409.58000,3406.67000,3408.83000,88,eth
801,2022-01-06 23:52:00,3409.92000,3410.00000,3407.45000,3409.58000,74,eth
802,2022-01-06 23:51:00,3409.93000,3410.48000,3409.82000,3409.92000,25,eth
803,2022-01-06 23:50:00,3410.51000,3410.95000,3409.31000,3409.94000,52,eth
804,2022-01-06 23:49:00,3415.10000,3415.33000,3410.10000,3410.89000,115,eth
805,2022-01-06 23:48:00,3417.03000,3418.00000,3415.00000,3415.17000,71,eth
806,2022-01-06 23:47:00,3421.77000,3421.78000,3416.87000,3417.04000,103,eth
807,2022-01-06 23:46:00,3423.72000,3424.29000,3421.23000,3421.77000,563,eth
808,2022-01-06 23:45:00,3422.16000,3424.61000,3422.13000,3423.73000,100,eth
809,2022-01-06 23:44:00,3423.41000,3423.41000,3421.28000,3422.15000,99,eth
810,2022-01-06 23:43:00,3423.96000,3423.96000,3422.66000,3423.40000,48,eth
811,2022-01-06 23:42:00,3422.60000,3424.15000,3421.70000,3423.96000,88,eth
812,2022-01-06 23:41:00,3420.62000,3423.31000,3420.33000,3422.59000,138,eth
813,2022-01-06 23:40:00,3419.80000,3423.01000,3419.79000,3420.61000,290,eth
814,2022-01-06 23:39:00,3420.48000,3420.48000,3419.11000,3419.79000,52,eth
815,2022-01-06 23:38:00,3417.91000,3420.53000,3417.91000,3420.47000,67,eth
816,2022-01-06 23:37:00,3416.66000,3418.00000,3416.48000,3417.91000,55,eth
817,2022-01-06 23:36:00,3415.89000,3416.80000,3414.65000,3416.66000,84,eth
818,2022-01-06 23:35:00,3413.49000,3415.89000,3413.49000,3415.88000,69,eth
819,2022-01-06 23:34:00,3410.63000,3413.50000,3410.63000,3413.49000,162,eth
820,2022-01-06 23:33:00,3407.81000,3410.64000,3407.80000,3410.63000,170,eth
821,2022-01-06 23:32:00,3410.99000,3411.00000,3407.67000,3407.80000,70,eth
822,2022-01-06 23:31:00,3411.50000,3411.83000,3409.96000,3411.00000,81,eth
823,2022-01-06 23:30:00,3413.76000,3413.77000,3411.36000,3411.51000,77,eth
824,2022-01-06 23:29:00,3410.65000,3413.92000,3410.11000,3413.76000,116,eth
825,2022-01-06 23:28:00,3412.66000,3412.98000,3410.40000,3410.64000,58,eth
826,2022-01-06 23:27:00,3411.92000,3412.83000,3410.74000,3412.66000,88,eth
827,2022-01-06 23:26:00,3409.20000,3412.32000,3409.20000,3411.92000,60,eth
828,2022-01-06 23:25:00,3407.73000,3412.93000,3407.49000,3409.20000,1170,eth
829,2022-01-06 23:24:00,3407.77000,3408.89000,3406.48000,3407.73000,162,eth
830,2022-01-06 23:23:00,3410.67000,3410.81000,3406.78000,3407.54000,112,eth
831,2022-01-06 23:22:00,3411.27000,3411.65000,3407.65000,3410.67000,339,eth
832,2022-01-06 23:21:00,3415.58000,3416.52000,3410.47000,3411.23000,241,eth
833,2022-01-06 23:20:00,3414.83000,3418.92000,3414.38000,3415.59000,147,eth
834,2022-01-06 23:19:00,3417.13000,3417.13000,3414.41000,3414.73000,62,eth
835,2022-01-06 23:18:00,3417.16000,3417.58000,3415.41000,3416.90000,104,eth
836,2022-01-06 23:17:00,3418.57000,3418.57000,3416.72000,3417.17000,51,eth
837,2022-01-06 23:16:00,3420.00000,3420.01000,3417.18000,3418.56000,170,eth
838,2022-01-06 23:15:00,3424.14000,3424.51000,3420.00000,3420.00000,79,eth
839,2022-01-06 23:14:00,3422.31000,3424.15000,3420.21000,3424.15000,64,eth
840,2022-01-06 23:13:00,3419.98000,3423.41000,3419.97000,3422.32000,61,eth
841,2022-01-06 23:12:00,3418.05000,3420.73000,3417.49000,3419.97000,69,eth
842,2022-01-06 23:11:00,3417.39000,3420.68000,3417.04000,3418.05000,160,eth
843,2022-01-06 23:10:00,3421.61000,3421.79000,3416.75000,3417.38000,136,eth
844,2022-01-06 23:09:00,3422.79000,3422.79000,3421.49000,3421.60000,42,eth
845,2022-01-06 23:08:00,3423.99000,3424.00000,3422.78000,3422.79000,85,eth
846,2022-01-06 23:07:00,3426.06000,3426.81000,3423.00000,3424.00000,85,eth
847,2022-01-06 23:06:00,3425.76000,3431.77000,3425.36000,3426.06000,143,eth
848,2022-01-06 23:05:00,3424.77000,3428.85000,3424.76000,3425.76000,96,eth
849,2022-01-06 23:04:00,3425.66000,3425.66000,3424.46000,3424.77000,74,eth
850,2022-01-06 23:03:00,3425.01000,3425.66000,3424.93000,3425.65000,41,eth
851,2022-01-06 23:02:00,3428.36000,3428.94000,3425.01000,3425.48000,44,eth
852,2022-01-06 23:01:00,3428.38000,3429.39000,3425.76000,3428.37000,96,eth
853,2022-01-06 23:00:00,3429.56000,3431.08000,3426.27000,3428.38000,166,eth
854,2022-01-06 22:59:00,3429.93000,3430.14000,3429.25000,3429.55000,42,eth
855,2022-01-06 22:58:00,3429.07000,3430.00000,3429.04000,3430.00000,36,eth
856,2022-01-06 22:57:00,3428.42000,3429.44000,3428.41000,3429.07000,23,eth
857,2022-01-06 22:56:00,3428.30000,3428.96000,3427.93000,3428.42000,64,eth
858,2022-01-06 22:55:00,3428.29000,3428.95000,3427.40000,3428.30000,82,eth
859,2022-01-06 22:54:00,3425.73000,3428.55000,3425.73000,3428.30000,68,eth
860,2022-01-06 22:53:00,3425.70000,3426.17000,3425.64000,3425.73000,36,eth
861,2022-01-06 22:52:00,3425.60000,3426.62000,3425.38000,3425.70000,47,eth
862,2022-01-06 22:51:00,3425.74000,3427.28000,3425.54000,3425.60000,89,eth
863,2022-01-06 22:50:00,3423.45000,3425.76000,3423.45000,3425.75000,82,eth
864,2022-01-06 22:49:00,3423.42000,3424.30000,3423.14000,3423.45000,88,eth
865,2022-01-06 22:48:00,3424.03000,3424.68000,3423.02000,3423.42000,68,eth
866,2022-01-06 22:47:00,3425.64000,3425.86000,3424.02000,3424.02000,69,eth
867,2022-01-06 22:46:00,3428.19000,3428.20000,3424.51000,3425.64000,35,eth
868,2022-01-06 22:45:00,3422.44000,3428.19000,3422.44000,3428.19000,99,eth
869,2022-01-06 22:44:00,3424.20000,3425.70000,3422.44000,3422.45000,99,eth
870,2022-01-06 22:43:00,3432.75000,3433.09000,3423.30000,3424.33000,233,eth
871,2022-01-06 22:42:00,3432.72000,3432.79000,3432.60000,3432.75000,30,eth
872,2022-01-06 22:41:00,3431.46000,3432.78000,3431.44000,3432.72000,31,eth
873,2022-01-06 22:40:00,3435.61000,3435.62000,3431.44000,3431.45000,96,eth
874,2022-01-06 22:39:00,3436.23000,3436.30000,3435.61000,3435.61000,43,eth
875,2022-01-06 22:38:00,3436.19000,3436.62000,3436.03000,3436.22000,92,eth
876,2022-01-06 22:37:00,3436.34000,3437.24000,3435.61000,3436.19000,170,eth
877,2022-01-06 22:36:00,3433.29000,3436.45000,3433.27000,3436.34000,157,eth
878,2022-01-06 22:35:00,3432.85000,3433.47000,3432.75000,3433.29000,61,eth
879,2022-01-06 22:34:00,3431.48000,3432.96000,3431.42000,3432.84000,57,eth
880,2022-01-06 22:33:00,3430.41000,3431.48000,3430.40000,3431.42000,45,eth
881,2022-01-06 22:32:00,3430.13000,3430.41000,3429.88000,3430.40000,48,eth
882,2022-01-06 22:31:00,3430.79000,3430.79000,3430.01000,3430.41000,37,eth
883,2022-01-06 22:30:00,3429.17000,3430.98000,3429.17000,3430.79000,42,eth
884,2022-01-06 22:29:00,3428.40000,3429.66000,3427.58000,3429.18000,64,eth
885,2022-01-06 22:28:00,3427.74000,3430.03000,3426.78000,3428.40000,142,eth
886,2022-01-06 22:27:00,3430.02000,3430.36000,3427.34000,3427.74000,33,eth
887,2022-01-06 22:26:00,3429.85000,3430.58000,3426.41000,3430.01000,208,eth
888,2022-01-06 22:25:00,3430.03000,3430.14000,3428.39000,3429.84000,39,eth
889,2022-01-06 22:24:00,3426.84000,3430.79000,3426.16000,3430.03000,149,eth
890,2022-01-06 22:23:00,3424.97000,3427.27000,3424.51000,3426.84000,138,eth
891,2022-01-06 22:22:00,3427.17000,3427.65000,3424.60000,3424.97000,67,eth
892,2022-01-06 22:21:00,3425.71000,3427.19000,3422.16000,3427.18000,87,eth
893,2022-01-06 22:20:00,3419.41000,3425.93000,3418.15000,3425.71000,150,eth
894,2022-01-06 22:19:00,3421.29000,3422.38000,3417.91000,3419.41000,212,eth
895,2022-01-06 22:18:00,3415.82000,3421.29000,3415.82000,3421.29000,100,eth
896,2022-01-06 22:17:00,3421.04000,3421.09000,3415.44000,3415.82000,84,eth
897,2022-01-06 22:16:00,3425.10000,3425.35000,3420.31000,3421.05000,90,eth
898,2022-01-06 22:15:00,3421.70000,3427.05000,3421.70000,3425.08000,112,eth
899,2022-01-06 22:14:00,3425.01000,3425.21000,3421.70000,3421.70000,178,eth
900,2022-01-06 22:13:00,3429.72000,3429.72000,3425.00000,3425.01000,41,eth
901,2022-01-06 22:12:00,3430.58000,3431.43000,3428.00000,3429.71000,130,eth
902,2022-01-06 22:11:00,3431.73000,3431.82000,3430.50000,3430.59000,19,eth
903,2022-01-06 22:10:00,3430.35000,3432.22000,3430.33000,3431.73000,77,eth
904,2022-01-06 22:09:00,3430.03000,3431.42000,3430.03000,3430.35000,60,eth
905,2022-01-06 22:08:00,3432.70000,3432.71000,3429.65000,3430.03000,47,eth
906,2022-01-06 22:07:00,3432.54000,3432.90000,3431.96000,3432.70000,31,eth
907,2022-01-06 22:06:00,3430.11000,3432.54000,3429.09000,3432.53000,82,eth
908,2022-01-06 22:05:00,3429.24000,3430.79000,3429.12000,3429.90000,33,eth
909,2022-01-06 22:04:00,3429.51000,3429.75000,3428.29000,3429.11000,54,eth
910,2022-01-06 22:03:00,3426.79000,3429.99000,3426.44000,3429.06000,117,eth
911,2022-01-06 22:02:00,3427.28000,3427.61000,3425.02000,3426.80000,129,eth
912,2022-01-06 22:01:00,3430.56000,3430.69000,3426.96000,3427.28000,64,eth
913,2022-01-06 22:00:00,3428.02000,3431.17000,3427.87000,3430.56000,122,eth
914,2022-01-06 21:59:00,3427.24000,3429.64000,3427.10000,3428.26000,100,eth
915,2022-01-06 21:58:00,3426.73000,3428.20000,3426.72000,3427.09000,41,eth
916,2022-01-06 21:57:00,3429.71000,3430.22000,3426.66000,3427.01000,159,eth
917,2022-01-06 21:56:00,3429.51000,3430.74000,3429.00000,3429.64000,91,eth
918,2022-01-06 21:55:00,3430.00000,3430.23000,3428.31000,3429.51000,71,eth
919,2022-01-06 21:54:00,3430.76000,3430.96000,3429.06000,3430.10000,63,eth
920,2022-01-06 21:53:00,3431.78000,3432.47000,3430.22000,3430.76000,196,eth
921,2022-01-06 21:52:00,3428.21000,3432.40000,3427.26000,3431.78000,164,eth
922,2022-01-06 21:51:00,3428.33000,3429.28000,3426.71000,3428.21000,69,eth
923,2022-01-06 21:50:00,3428.24000,3428.98000,3427.50000,3428.34000,81,eth
924,2022-01-06 21:49:00,3429.31000,3429.31000,3426.27000,3428.19000,59,eth
925,2022-01-06 21:48:00,3424.65000,3429.34000,3424.20000,3429.30000,70,eth
926,2022-01-06 21:47:00,3424.01000,3425.00000,3422.44000,3424.65000,105,eth
927,2022-01-06 21:46:00,3422.96000,3424.16000,3421.13000,3424.00000,140,eth
928,2022-01-06 21:45:00,3425.02000,3425.41000,3422.73000,3422.97000,64,eth
929,2022-01-06 21:44:00,3427.25000,3427.25000,3425.00000,3425.02000,175,eth
930,2022-01-06 21:43:00,3430.19000,3430.98000,3427.24000,3427.25000,122,eth
931,2022-01-06 21:42:00,3429.52000,3431.11000,3429.27000,3430.22000,42,eth
932,2022-01-06 21:41:00,3428.46000,3429.52000,3428.30000,3429.52000,79,eth
933,2022-01-06 21:40:00,3432.44000,3432.56000,3428.29000,3428.46000,96,eth
934,2022-01-06 21:39:00,3432.07000,3433.41000,3430.56000,3432.44000,121,eth
935,2022-01-06 21:38:00,3429.60000,3432.14000,3428.77000,3432.06000,52,eth
936,2022-01-06 21:37:00,3428.71000,3430.44000,3428.24000,3429.60000,65,eth
937,2022-01-06 21:36:00,3429.89000,3431.31000,3428.32000,3428.71000,66,eth
938,2022-01-06 21:35:00,3428.30000,3431.29000,3427.89000,3429.89000,84,eth
939,2022-01-06 21:34:00,3430.91000,3430.97000,3426.22000,3428.31000,67,eth
940,2022-01-06 21:33:00,3432.15000,3432.50000,3430.36000,3430.91000,85,eth
941,2022-01-06 21:32:00,3429.60000,3432.15000,3429.60000,3432.15000,57,eth
942,2022-01-06 21:31:00,3430.95000,3433.37000,3429.29000,3429.77000,125,eth
943,2022-01-06 21:30:00,3426.78000,3431.07000,3426.67000,3430.95000,174,eth
944,2022-01-06 21:29:00,3424.08000,3426.78000,3423.52000,3426.77000,162,eth
945,2022-01-06 21:28:00,3421.73000,3425.95000,3421.27000,3424.09000,155,eth
946,2022-01-06 21:27:00,3421.26000,3422.05000,3418.19000,3421.73000,101,eth
947,2022-01-06 21:26:00,3422.53000,3424.06000,3421.00000,3421.26000,136,eth
948,2022-01-06 21:25:00,3427.73000,3428.37000,3422.52000,3422.52000,240,eth
949,2022-01-06 21:24:00,3427.15000,3427.73000,3425.70000,3427.73000,53,eth
950,2022-01-06 21:23:00,3426.50000,3428.57000,3425.40000,3427.15000,142,eth
951,2022-01-06 21:22:00,3426.97000,3427.06000,3425.89000,3426.51000,41,eth
952,2022-01-06 21:21:00,3427.83000,3428.05000,3425.77000,3426.97000,75,eth
953,2022-01-06 21:20:00,3425.34000,3427.98000,3425.34000,3427.83000,40,eth
954,2022-01-06 21:19:00,3424.22000,3426.22000,3424.21000,3425.34000,89,eth
955,2022-01-06 21:18:00,3423.26000,3424.38000,3423.19000,3424.22000,36,eth
956,2022-01-06 21:17:00,3420.08000,3424.08000,3420.07000,3423.27000,115,eth
957,2022-01-06 21:16:00,3418.07000,3420.08000,3416.39000,3420.08000,197,eth
958,2022-01-06 21:15:00,3419.09000,3419.80000,3418.01000,3418.01000,76,eth
959,2022-01-06 21:14:00,3422.04000,3422.10000,3419.09000,3419.10000,94,eth
960,2022-01-06 21:13:00,3423.52000,3423.70000,3421.04000,3422.05000,138,eth
961,2022-01-06 21:12:00,3420.89000,3424.86000,3419.51000,3423.53000,200,eth
962,2022-01-06 21:11:00,3418.68000,3421.99000,3418.68000,3420.86000,262,eth
963,2022-01-06 21:10:00,3415.64000,3419.07000,3415.64000,3418.68000,160,eth
964,2022-01-06 21:09:00,3418.15000,3418.16000,3414.20000,3415.64000,264,eth
965,2022-01-06 21:08:00,3420.00000,3420.84000,3418.11000,3418.16000,235,eth
966,2022-01-06 21:07:00,3424.79000,3424.80000,3420.00000,3420.01000,252,eth
967,2022-01-06 21:06:00,3429.38000,3429.60000,3424.79000,3424.80000,116,eth
968,2022-01-06 21:05:00,3426.47000,3429.99000,3426.06000,3429.39000,114,eth
969,2022-01-06 21:04:00,3428.74000,3429.73000,3425.82000,3426.47000,107,eth
970,2022-01-06 21:03:00,3426.95000,3428.74000,3426.94000,3428.73000,182,eth
971,2022-01-06 21:02:00,3426.83000,3428.08000,3426.27000,3426.95000,92,eth
972,2022-01-06 21:01:00,3425.30000,3426.83000,3424.00000,3426.82000,69,eth
973,2022-01-06 21:00:00,3425.77000,3427.57000,3424.08000,3425.30000,153,eth
974,2022-01-06 20:59:00,3426.16000,3427.77000,3423.27000,3425.77000,273,eth
975,2022-01-06 20:58:00,3427.49000,3428.29000,3425.39000,3426.05000,98,eth
976,2022-01-06 20:57:00,3420.22000,3427.50000,3419.92000,3427.48000,153,eth
977,2022-01-06 20:56:00,3419.85000,3422.22000,3419.85000,3420.23000,150,eth
978,2022-01-06 20:55:00,3426.44000,3426.44000,3419.33000,3419.86000,480,eth
979,2022-01-06 20:54:00,3428.73000,3428.75000,3425.81000,3426.44000,83,eth
980,2022-01-06 20:53:00,3427.83000,3429.67000,3425.46000,3428.74000,195,eth
981,2022-01-06 20:52:00,3428.52000,3428.99000,3426.64000,3427.84000,132,eth
982,2022-01-06 20:51:00,3430.46000,3430.83000,3428.52000,3428.52000,190,eth
983,2022-01-06 20:50:00,3432.72000,3435.05000,3430.00000,3430.46000,286,eth
984,2022-01-06 20:49:00,3434.00000,3435.05000,3432.68000,3432.73000,163,eth
985,2022-01-06 20:48:00,3433.08000,3434.95000,3431.00000,3434.00000,196,eth
986,2022-01-06 20:47:00,3431.00000,3433.63000,3430.99000,3433.09000,76,eth
987,2022-01-06 20:46:00,3429.50000,3431.69000,3428.64000,3430.99000,90,eth
988,2022-01-06 20:45:00,3432.21000,3433.55000,3429.08000,3429.45000,103,eth
989,2022-01-06 20:44:00,3432.32000,3434.01000,3428.69000,3432.21000,212,eth
990,2022-01-06 20:43:00,3429.37000,3433.72000,3429.07000,3432.32000,182,eth
991,2022-01-06 20:42:00,3429.19000,3430.53000,3428.46000,3429.36000,154,eth
992,2022-01-06 20:41:00,3427.74000,3432.39000,3427.36000,3429.19000,413,eth
993,2022-01-06 20:40:00,3432.99000,3433.81000,3425.90000,3427.74000,538,eth
994,2022-01-06 20:39:00,3435.80000,3435.81000,3432.94000,3433.00000,167,eth
995,2022-01-06 20:38:00,3437.84000,3438.64000,3435.02000,3435.80000,383,eth
996,2022-01-06 20:37:00,3438.62000,3439.88000,3435.56000,3437.84000,116,eth
997,2022-01-06 20:36:00,3437.00000,3439.93000,3437.00000,3438.62000,182,eth
998,2022-01-06 20:35:00,3437.84000,3439.09000,3435.00000,3437.01000,237,eth
999,2022-01-06 20:34:00,3438.42000,3441.14000,3437.53000,3437.85000,86,eth
