,symbol_id,exchange_id,symbol_type,asset_id_base,asset_id_quote,data_end,data_quote_end,price,symbol_id_exchange,asset_id_base_exchange,asset_id_quote_exchange,price_precision,size_precision,option_type_is_call,option_strike_price,option_contract_unit,option_exercise_style,option_expiration_time,data_trade_end,future_delivery_time,future_contract_unit,future_contract_unit_asset,asset_id_unit,data_start,data_quote_start,data_orderbook_start,data_orderbook_end,data_trade_start,volume_1hrs,volume_1hrs_usd,volume_1day,volume_1day_usd,index_id,index_display_name,index_display_description,contract_delivery_time,contract_unit,contract_id,contract_display_name,contract_display_description
323,COINBASE_SPOT_BTC_USD,COINBASE,SPOT,BTC,USD,2022-01-06,2022-01-06T15:39:13.1559070Z,42917.465,BTC-USD,BTC,USD,0.01,1e-08,,,,,,2022-01-06T15:36:41.7650230Z,,,,,2015-01-14,2015-05-17T00:51:36.2870000Z,2015-05-17T00:51:36.2870000Z,2020-08-05T14:37:54.0490500Z,2015-01-14T16:07:05.0000000Z,1416.22563891,60793467.68,30473.15523028,1308102838.14,,,,,,,,
390,COINBASE_SPOT_ETH_USD,COINBASE,SPOT,ETH,USD,2022-01-06,2022-01-06T15:38:31.4844770Z,3393.065,ETH-USD,ETH,USD,0.01,1e-08,,,,,,2022-01-06T15:38:30.2849350Z,,,,,2016-06-09,2016-06-09T15:18:25.8361573Z,2016-06-09T15:18:25.8361573Z,2020-08-05T14:37:54.1422420Z,2016-06-09T15:33:22.5865670Z,18459.58216087,62650757.72,383462.18010248,1301448533.92,,,,,,,,
418,COINBASE_SPOT_LTC_USD,COINBASE,SPOT,LTC,USD,2022-01-06,2022-01-06T15:29:14.8229920Z,134.895,LTC-USD,LTC,USD,0.01,1e-08,,,,,,2022-01-06T15:25:08.3285120Z,,,,,2016-09-06,2016-09-06T12:07:52.7279532Z,2016-09-06T12:07:52.7279532Z,2020-08-05T14:37:53.8087960Z,2016-09-06T12:32:41.2650000Z,23252.84410159,3139365.15,450033.61996478,60759013.29,,,,,,,,
7182,COINBASE_SPOT_BCH_USD,COINBASE,SPOT,BCH,USD,2022-01-06,2022-01-06T15:29:06.0135320Z,393.285,BCH-USD,BCH,USD,0.01,1e-08,,,,,,2022-01-06T15:34:15.4430980Z,,,,,2017-12-20,2017-12-20T00:10:20.3365549Z,2017-12-20T00:10:20.3365549Z,2020-08-05T14:37:53.1007180Z,2017-12-20T01:20:13.8260000Z,929.89878852,365778.15,35140.2532153,13822511.75,,,,,,,,
10861,COINBASE_SPOT_ETC_USD,COINBASE,SPOT,ETC,USD,2022-01-06,2022-01-06T15:33:39.1148960Z,31.2,ETC-USD,ETC,USD,0.01,1e-08,,,,,,2022-01-06T15:26:56.4259100Z,,,,,2018-08-08,2018-08-08T13:13:53.4283265Z,2018-08-08T13:13:53.4283265Z,2020-08-05T14:37:46.3540640Z,2018-08-08T18:44:32.3570000Z,6051.44239,188886.76,145882.33819473,4553499.99,,,,,,,,
11677,COINBASE_SPOT_ZRX_USD,COINBASE,SPOT,ZRX,USD,2022-01-06,2022-01-06T15:37:59.5352170Z,0.7905825,ZRX-USD,ZRX,USD,1e-06,1e-05,,,,,,2022-01-06T15:30:34.9680410Z,,,,,2018-10-12,2018-10-12T14:00:37.2256850Z,2018-10-12T14:00:37.2256850Z,2020-08-05T14:37:53.7489860Z,2018-10-12T14:07:25.5610000Z,207077.71184,163742.33,9173766.66577,7253962.19,,,,,,,,
14542,COINBASE_SPOT_XLM_USD,COINBASE,SPOT,XLM,USD,2022-01-06,2022-01-06T15:33:25.0276680Z,0.266753,XLM-USD,XLM,USD,1e-06,1.0,,,,,,2022-01-06T15:25:22.6790110Z,,,,,2019-03-14,2019-03-14T01:59:38.9796658Z,2019-03-14T01:59:38.9796658Z,2020-08-05T14:37:53.0967830Z,2019-03-14T16:15:56.5170000Z,7386488.0,1971693.83,183017272.0,48853261.03,,,,,,,,
15378,COINBASE_SPOT_REP_USD,COINBASE,SPOT,REP,USD,2022-01-06,2022-01-06T15:30:52.7764900Z,16.285,REP-USD,REP,USD,0.01,1e-06,,,,,,2022-01-06T15:36:14.5335570Z,,,,,2019-04-08,2019-04-08T19:42:16.0459168Z,2019-04-08T19:42:16.0459168Z,2020-08-05T14:37:47.6107690Z,2019-04-09T16:27:13.5010000Z,212.385957,3448.49,22061.87304,358216.99,,,,,,,,
15380,COINBASE_SPOT_EOS_USD,COINBASE,SPOT,EOS,USD,2022-01-06,2022-01-06T15:31:03.1281510Z,2.875,EOS-USD,EOS,USD,0.01,0.1,,,,,,2022-01-06T15:30:40.6499350Z,,,,,2019-04-08,2019-04-08T19:42:16.0459168Z,2019-04-08T19:42:16.0459168Z,2020-08-05T14:37:53.1024810Z,2019-04-09T16:12:54.8350000Z,114323.5,328586.22,4019235.6,11552003.3,,,,,,,,
17466,COINBASE_SPOT_LINK_USD,COINBASE,SPOT,LINK,USD,2022-01-06,2022-01-06T15:39:43.0092790Z,24.05,LINK-USD,LINK,USD,0.01,0.01,,,,,,2022-01-06T15:35:35.5789930Z,,,,,2019-06-26,2019-06-26T17:15:31.4223752Z,2019-06-26T17:15:31.4223752Z,2020-08-05T14:37:53.1457610Z,2019-06-27T16:32:19.4060000Z,170476.65,4102938.6,10457438.48,251683898.91,,,,,,,,
18333,COINBASE_SPOT_XTZ_USD,COINBASE,SPOT,XTZ,USD,2022-01-06,2022-01-06T15:29:30.1253910Z,4.345,XTZ-USD,XTZ,USD,0.01,0.01,,,,,,2022-01-06T15:25:36.2915160Z,,,,,2019-08-05,2019-08-05T21:54:35.7491730Z,2019-08-05T21:54:35.7491730Z,2020-08-05T14:37:54.0087020Z,2019-08-06T16:13:54.2900000Z,209510.58,910151.05,8926082.33,38776481.83,,,,,,,,
18510,COINBASE_SPOT_ALGO_USD,COINBASE,SPOT,ALGO,USD,2022-01-06,2022-01-06T15:36:15.3511520Z,1.5549,ALGO-USD,ALGO,USD,0.0001,1.0,,,,,,2022-01-06T15:31:27.7413930Z,,,,,2019-08-15,2019-08-15T15:58:50.4614491Z,2019-08-15T15:58:50.4614491Z,2020-08-05T14:37:54.1606790Z,2019-08-15T16:03:06.5950000Z,1817885.0,2827412.62,51728723.0,80455278.75,,,,,,,,
19313,COINBASE_SPOT_DASH_USD,COINBASE,SPOT,DASH,USD,2022-01-06,2022-01-06T15:39:18.0207550Z,121.87,DASH-USD,DASH,USD,0.01,1e-08,,,,,,2022-01-06T15:25:44.6387530Z,,,,,2019-09-17,2019-09-17T16:01:08.5885701Z,2019-09-17T16:01:08.5885701Z,2020-08-05T14:37:54.0035870Z,2019-09-17T16:15:58.1250000Z,435.42576372,53090.63,31011.1884192,3781134.51,,,,,,,,
22620,COINBASE_SPOT_OXT_USD,COINBASE,SPOT,OXT,USD,2022-01-06,2022-01-06T15:38:55.1566990Z,0.3418,OXT-USD,OXT,USD,0.0001,1.0,,,,,,2022-01-06T15:37:10.7537440Z,,,,,2019-12-16,2019-12-16T15:00:38.2576758Z,2019-12-16T15:00:38.2576758Z,2020-08-05T14:37:33.3148900Z,2019-12-16T15:16:57.6260000Z,156311.0,53426.63,10334823.0,3532411.24,,,,,,,,
23804,COINBASE_SPOT_ATOM_USD,COINBASE,SPOT,ATOM,USD,2022-01-06,2022-01-06T15:36:10.4799750Z,38.005,ATOM-USD,ATOM,USD,0.01,0.1,,,,,,2022-01-06T15:34:25.0860070Z,,,,,2020-01-14,2020-01-14T17:59:57.1422946Z,2020-01-14T17:59:57.1422946Z,2020-08-05T14:37:51.1762590Z,2020-01-14T18:16:28.9733810Z,281901.4,10717778.03,5221864.2,198533180.06,,,,,,,,
24893,COINBASE_SPOT_XRP_USD,COINBASE,SPOT,XRP,USD,2021-01-19,2021-01-19T18:25:39.2651350Z,,XRP-USD,XRP,USD,0.0001,1e-06,,,,,,2021-01-19T17:54:50.9286010Z,,,,,2019-02-25,2019-02-25T18:09:36.3356425Z,2019-02-25T18:09:36.3356425Z,2020-08-05T14:37:53.0953050Z,2019-02-26T17:04:13.4090000Z,,,,,,,,,,,,
25546,COINBASE_SPOT_KNC_USD,COINBASE,SPOT,KNC,USD,2022-01-06,2022-01-06T15:30:05.2907380Z,1.286,KNC-USD,KNC,USD,0.0001,0.1,,,,,,2022-01-06T15:36:19.7093910Z,,,,,2020-02-25,2020-02-25T17:00:23.8712876Z,2020-02-25T17:00:23.8712876Z,2020-08-05T14:37:53.1222070Z,2020-02-25T17:13:43.3013180Z,32939.5,42349.13,1330642.0,1710758.42,,,,,,,,
28847,COINBASE_SPOT_DAI_USD,COINBASE,SPOT,DAI,USD,2022-01-06,2022-01-06T15:36:19.1906250Z,0.999934,DAI-USD,DAI,USD,1e-06,1e-05,,,,,,2022-01-06T15:32:56.6676370Z,,,,,2020-04-30,2020-04-30T21:20:59.5466210Z,2020-04-30T21:20:59.5466210Z,2020-08-05T14:37:50.2773880Z,2020-04-30T21:21:36.3914300Z,247498.81002,247490.75,12136188.26213,12135793.01,,,,,,,,
31600,COINBASE_SPOT_OMG_USD,COINBASE,SPOT,OMG,USD,2022-01-06,2022-01-06T15:35:08.8478490Z,5.555,OMG-USD,OMG,USD,0.01,0.1,,,,,,2022-01-06T15:26:45.1815770Z,,,,,2020-05-19,2020-05-19T16:00:42.5600260Z,2020-05-19T16:00:42.5600260Z,2020-08-05T14:37:36.7310590Z,2020-05-19T16:03:52.7903400Z,12457.4,69194.25,1177496.7,6540369.4,,,,,,,,
33022,COINBASE_SPOT_MKR_USD,COINBASE,SPOT,MKR,USD,2022-01-06,2022-01-06T15:30:05.0607370Z,2226.095,MKR-USD,MKR,USD,0.01,1e-06,,,,,,2022-01-06T15:39:11.2744720Z,,,,,2020-06-09,2020-06-09T16:00:20.6194918Z,2020-06-09T16:00:20.6194918Z,2020-08-05T14:37:53.1619760Z,2020-06-09T16:03:00.3172530Z,820.652229,1828203.6,4661.333137,10384259.89,,,,,,,,
33807,COINBASE_SPOT_COMP_USD,COINBASE,SPOT,COMP,USD,2022-01-06,2022-01-06T15:29:13.4056230Z,200.025,COMP-USD,COMP,USD,0.01,0.001,,,,,,2022-01-06T15:34:21.9399190Z,,,,,2020-06-23,2020-06-23T15:59:37.1663388Z,2020-06-23T15:59:37.1663388Z,2020-08-05T14:36:52.5283460Z,2020-06-23T16:30:23.6490220Z,4357.809,871954.93,90388.422,18085838.65,,,,,,,,
36798,COINBASE_SPOT_BAND_USD,COINBASE,SPOT,BAND,USD,2022-01-06,2022-01-06T15:34:19.3924260Z,5.725,BAND-USD,BAND,USD,0.01,0.01,,,,,,2022-01-06T15:39:24.0908590Z,,,,,2020-08-11,2020-08-11T15:58:16.4064450Z,,,2020-08-11T16:04:43.5252310Z,27247.46,155973.33,3097226.04,17729529.46,,,,,,,,
37298,COINBASE_SPOT_NMR_USD,COINBASE,SPOT,NMR,USD,2022-01-06,2022-01-06T15:36:09.0439570Z,29.13,NMR-USD,NMR,USD,0.01,0.001,,,,,,2022-01-06T15:39:24.8775200Z,,,,,2020-08-18,2020-08-18T16:00:18.7537430Z,,,2020-08-18T16:10:42.4300040Z,396.73,11553.02,26100.982,760076.64,,,,,,,,
38509,COINBASE_SPOT_CGLD_USD,COINBASE,SPOT,CGLD,USD,2022-01-06,2022-01-06T15:30:54.7261810Z,4.895,CGLD-USD,CGLD,USD,0.01,0.01,,,,,,2022-01-06T15:36:41.0895910Z,,,,,2020-09-01,2020-09-01T15:59:51.9660490Z,,,2020-09-01T16:03:44.4271250Z,131081.96,641737.14,2661988.22,13032279.19,,,,,,,,
38860,COINBASE_SPOT_UMA_USD,COINBASE,SPOT,UMA,USD,2022-01-06,2022-01-06T15:37:52.9097590Z,9.195,UMA-USD,UMA,USD,0.01,0.001,,,,,,2022-01-06T15:36:46.2185320Z,,,,,2020-09-05,2020-09-05T00:38:56.3507580Z,,,2020-09-05T01:53:42.1532010Z,95332.459,876465.04,4566926.024,41987283.66,,,,,,,,
39632,COINBASE_SPOT_YFI_USD,COINBASE,SPOT,YFI,USD,2022-01-06,2022-01-06T15:41:55.4223330Z,35594.34,YFI-USD,YFI,USD,0.01,1e-06,,,,,,2022-01-06T15:32:54.4823160Z,,,,,2020-09-15,2020-09-15T16:00:12.3535550Z,,,2020-09-15T16:05:42.3068420Z,94.916231,3380291.37,1227.279916,43707632.18,,,,,,,,
39633,COINBASE_SPOT_LRC_USD,COINBASE,SPOT,LRC,USD,2022-01-06,2022-01-06T15:39:40.6740350Z,1.74015,LRC-USD,LRC,USD,0.0001,1e-06,,,,,,2022-01-06T15:39:57.2404380Z,,,,,2020-09-15,2020-09-15T16:00:14.7887500Z,,,2020-09-15T16:04:09.2308700Z,1568584.575947,2731042.87,37242492.275966,64842434.82,,,,,,,,
40164,COINBASE_SPOT_UNI_USD,COINBASE,SPOT,UNI,USD,2022-01-06,2022-01-06T15:29:10.3171650Z,16.665,UNI-USD,UNI,USD,0.01,1e-06,,,,,,2022-01-06T15:25:16.8895390Z,,,,,2020-09-17,2020-09-18T01:49:09.1267030Z,,,2020-09-17T19:10:07.3951310Z,37467.512361,624831.47,1553868.769891,25913279.09,,,,,,,,
42211,COINBASE_SPOT_REN_USD,COINBASE,SPOT,REN,USD,2022-01-06,2022-01-06T15:36:06.7210590Z,0.50505,REN-USD,REN,USD,0.0001,1e-06,,,,,,2022-01-06T15:29:33.1704920Z,,,,,2020-10-06,2020-10-06T16:01:56.8127230Z,,,2020-10-06T16:05:55.6485690Z,907671.324016,458532.2,16585705.080941,8378671.4,,,,,,,,
42215,COINBASE_SPOT_BAL_USD,COINBASE,SPOT,BAL,USD,2022-01-06,2022-01-06T15:30:26.7231100Z,17.3,BAL-USD,BAL,USD,0.01,0.001,,,,,,2022-01-06T15:32:27.1889580Z,,,,,2020-10-06,2020-10-06T16:01:50.2634130Z,,,2020-10-06T16:05:02.8105800Z,6330.739,109648.27,252640.256,4375723.87,,,,,,,,
43762,COINBASE_SPOT_WBTC_USD,COINBASE,SPOT,WBTC,USD,2022-01-06,2022-01-06T15:41:25.5905540Z,42926.16,WBTC-USD,WBTC,USD,0.01,1e-08,,,,,,2022-01-06T15:32:56.2694520Z,,,,,2020-10-20,2020-10-20T16:01:39.0703940Z,,,2020-10-20T16:10:51.2066240Z,0.22516793,9666.58,19.34027964,830288.73,,,,,,,,
47189,COINBASE_SPOT_NU_USD,COINBASE,SPOT,NU,USD,2022-01-06,2022-01-06T15:39:02.0756580Z,0.6607,NU-USD,NU,USD,0.0001,1e-06,,,,,,2022-01-06T15:27:07.8511970Z,,,,,2020-12-02,2020-12-02T16:59:24.4489270Z,,,2020-12-02T17:04:27.2485820Z,181539.380711,120045.6,9813318.61696,6489201.79,,,,,,,,
47699,COINBASE_SPOT_ZEC_USD,COINBASE,SPOT,ZEC,USD,2022-01-06,2022-01-06T15:38:48.6712950Z,133.82,ZEC-USD,ZEC,USD,0.01,1e-08,,,,,,2022-01-06T15:33:34.9698490Z,,,,,2020-12-08,2020-12-08T17:01:44.5732350Z,,,2020-12-08T17:15:14.3925440Z,1990.73147637,266478.93,73298.59154032,9811735.4,,,,,,,,
47803,COINBASE_SPOT_FIL_USD,COINBASE,SPOT,FIL,USD,2022-01-06,2022-01-06T15:29:17.2078450Z,32.64,FIL-USD,FIL,USD,0.01,0.001,,,,,,2022-01-06T15:31:30.3989590Z,,,,,2020-12-09,2020-12-09T17:01:33.0313250Z,,,2020-12-09T17:08:36.5729420Z,16724.343,546244.09,662786.733,21647686.41,,,,,,,,
48156,COINBASE_SPOT_AAVE_USD,COINBASE,SPOT,AAVE,USD,2022-01-06,2022-01-06T15:40:58.3173660Z,224.9,AAVE-USD,AAVE,USD,0.01,0.001,,,,,,2022-01-06T15:29:23.2875750Z,,,,,2020-12-15,2020-12-15T17:00:15.1077480Z,,,2020-12-15T17:13:24.3536720Z,7247.434,1630796.3,92936.145,20912218.25,,,,,,,,
48159,COINBASE_SPOT_BNT_USD,COINBASE,SPOT,BNT,USD,2022-01-06,2022-01-06T15:32:54.4048250Z,3.195,BNT-USD,BNT,USD,0.01,1e-06,,,,,,2022-01-06T15:38:56.0102600Z,,,,,2020-12-15,2020-12-15T17:00:46.7817580Z,,,2020-12-15T17:08:19.8013130Z,19098.085601,60997.84,895202.822443,2859209.83,,,,,,,,
48162,COINBASE_SPOT_SNX_USD,COINBASE,SPOT,SNX,USD,2022-01-06,2022-01-06T15:33:59.0158360Z,6.055,SNX-USD,SNX,USD,0.01,0.001,,,,,,2022-01-06T15:34:09.1632710Z,,,,,2020-12-15,2020-12-15T17:00:35.7610030Z,,,2020-12-15T17:04:56.9930610Z,33784.663,204619.0,1960844.421,11875981.2,,,,,,,,
48317,COINBASE_SPOT_GRT_USD,COINBASE,SPOT,GRT,USD,2022-01-06,2022-01-06T15:30:35.5731230Z,0.62605,GRT-USD,GRT,USD,0.0001,0.01,,,,,,2022-01-06T15:36:04.9412960Z,,,,,2020-12-17,2020-12-17T17:42:23.0005840Z,,,2020-12-17T17:55:29.1325270Z,1123292.4,703721.97,40317495.8,25258167.58,,,,,,,,
57327,COINBASE_SPOT_SKL_USD,COINBASE,SPOT,SKL,USD,2022-01-06,2022-01-06T15:40:38.9340110Z,0.18575,SKL-USD,SKL,USD,0.0001,0.1,,,,,,2022-01-06T15:39:55.9285900Z,,,,,2021-03-11,2021-03-11T17:01:54.4641330Z,,,2021-03-11T17:09:41.5339390Z,1049330.8,194948.98,36481252.8,6777636.71,,,,,,,,
57332,COINBASE_SPOT_MATIC_USD,COINBASE,SPOT,MATIC,USD,2022-01-06,2022-01-06T15:30:29.9741420Z,2.20905,MATIC-USD,MATIC,USD,0.0001,0.1,,,,,,2022-01-06T15:34:31.1053470Z,,,,,2021-03-11,2021-03-11T17:00:52.3792150Z,,,2021-03-11T17:06:12.5046990Z,3277613.8,7246171.96,103383282.2,228560497.42,,,,,,,,
57336,COINBASE_SPOT_SUSHI_USD,COINBASE,SPOT,SUSHI,USD,2022-01-06,2022-01-06T15:34:29.9620200Z,7.355,SUSHI-USD,SUSHI,USD,0.01,0.01,,,,,,2022-01-06T15:26:03.7394950Z,,,,,2021-03-11,2021-03-11T17:02:42.9236760Z,,,2021-03-11T17:17:36.7639950Z,110072.81,809694.46,4319013.6,31770619.62,,,,,,,,
58412,COINBASE_SPOT_ADA_USD,COINBASE,SPOT,ADA,USD,2022-01-06,2022-01-06T15:33:38.5793160Z,1.2291,ADA-USD,ADA,USD,0.0001,0.01,,,,,,2022-01-06T15:33:18.4067440Z,,,,,2021-03-18,2021-03-18T16:00:56.6968400Z,,,2021-03-18T16:06:23.7567970Z,3429372.12,4217665.61,118890342.09,146219100.65,,,,,,,,
59207,COINBASE_SPOT_ANKR_USD,COINBASE,SPOT,ANKR,USD,2022-01-06,2022-01-06T15:38:27.5942880Z,0.10037,ANKR-USD,ANKR,USD,1e-05,1.0,,,,,,2022-01-06T15:36:19.4031230Z,,,,,2021-03-25,2021-03-25T16:00:29.2256420Z,,,2021-03-25T16:07:52.7286430Z,3876699.0,388994.87,167751815.0,16832515.3,,,,,,,,
59209,COINBASE_SPOT_STORJ_USD,COINBASE,SPOT,STORJ,USD,2022-01-06,2022-01-06T15:30:21.2331780Z,1.625,STORJ-USD,STORJ,USD,0.01,0.01,,,,,,2022-01-06T15:36:50.7743570Z,,,,,2021-03-25,2021-03-25T16:00:32.4656050Z,,,2021-03-25T16:07:52.3025600Z,343879.14,558562.16,3565391.71,5791258.23,,,,,,,,
59212,COINBASE_SPOT_CRV_USD,COINBASE,SPOT,CRV,USD,2022-01-06,2022-01-06T15:29:43.7337750Z,5.335,CRV-USD,CRV,USD,0.01,0.01,,,,,,2022-01-06T15:30:41.9145160Z,,,,,2021-03-25,2021-03-25T16:00:36.8544900Z,,,2021-03-25T16:07:57.2156200Z,265716.41,1416583.59,10111832.53,53908059.44,,,,,,,,
61678,COINBASE_SPOT_OGN_USD,COINBASE,SPOT,OGN,USD,2022-01-06,2022-01-06T15:37:27.2171470Z,0.587,OGN-USD,OGN,USD,0.001,0.01,,,,,,2022-01-06T15:25:29.1111350Z,,,,,2021-04-09,2021-04-09T16:01:01.6282170Z,,,2021-04-09T16:07:25.6546070Z,234183.3,137533.15,6691270.44,3929705.96,,,,,,,,
61680,COINBASE_SPOT_NKN_USD,COINBASE,SPOT,NKN,USD,2022-01-06,2022-01-06T15:34:40.7613480Z,0.33065,NKN-USD,NKN,USD,0.0001,0.1,,,,,,2022-01-06T15:35:14.5337240Z,,,,,2021-04-09,2021-04-09T16:01:00.5740070Z,,,2021-04-09T16:07:25.8310550Z,374857.6,123949.36,13786884.2,4558732.35,,,,,,,,
61682,COINBASE_SPOT_1INCH_USD,COINBASE,SPOT,1INCH,USD,2022-01-06,2022-01-06T15:32:22.5604610Z,2.335,1INCH-USD,1INCH,USD,0.01,0.01,,,,,,2022-01-06T15:30:12.9004400Z,,,,,2021-04-09,2021-04-09T16:01:08.0057960Z,,,2021-04-09T16:07:24.9354530Z,86984.44,203085.24,2084286.36,4866247.23,,,,,,,,
61685,COINBASE_SPOT_ENJ_USD,COINBASE,SPOT,ENJ,USD,2022-01-06,2022-01-06T15:31:08.6195340Z,2.505,ENJ-USD,ENJ,USD,0.01,0.01,,,,,,2022-01-06T15:27:32.9921790Z,,,,,2021-04-09,2021-04-09T16:01:02.4413850Z,,,2021-04-09T16:07:24.2333210Z,451752.74,1131866.51,8825477.09,22112233.15,,,,,,,,
63144,COINBASE_SPOT_BAT_USD,COINBASE,SPOT,BAT,USD,2022-01-06,2022-01-06T15:30:38.9523970Z,1.1615,BAT-USD,BAT,USD,0.001,0.01,,,,,,2022-01-06T15:35:25.7950680Z,,,,,2021-04-20,2021-04-20T16:03:15.7547210Z,,,2021-04-20T16:24:50.3826170Z,297660.97,345978.97,8114726.61,9431954.54,,,,,,,,
63146,COINBASE_SPOT_MANA_USD,COINBASE,SPOT,MANA,USD,2022-01-06,2022-01-06T15:29:42.8184640Z,3.2545,MANA-USD,MANA,USD,0.001,0.01,,,,,,2022-01-06T15:31:52.0726110Z,,,,,2021-04-20,2021-04-20T16:07:30.7885910Z,,,2021-04-20T16:24:47.5661640Z,3635928.47,11841236.32,33880079.1,110338260.62,,,,,,,,
64862,COINBASE_SPOT_USDT_USD,COINBASE,SPOT,USDT,USD,2022-01-06,2022-01-06T15:43:10.5341250Z,0.9998,USDT-USD,USDT,USD,0.0001,0.01,,,,,,2022-01-06T15:34:01.5680250Z,,,,,2021-05-04,2021-05-11T22:24:25.8320260Z,,,2021-05-04T01:23:37.5882090Z,2242738.54,2242000.34,83269770.15,83242361.98,,,,,,,,
65736,COINBASE_SPOT_MIR_USD,COINBASE,SPOT,MIR,USD,2022-01-06,2022-01-06T15:29:21.0899310Z,2.006,MIR-USD,MIR,USD,0.001,0.01,,,,,,2022-01-06T15:39:51.8605970Z,,,,,2021-05-11,2021-05-11T22:24:28.7903730Z,,,2021-06-02T15:20:42.1598020Z,43510.06,87290.93,953277.66,1912488.59,,,,,,,,
65758,COINBASE_SPOT_TRB_USD,COINBASE,SPOT,TRB,USD,2022-01-06,2022-01-06T15:32:57.3787530Z,32.795,TRB-USD,TRB,USD,0.01,0.001,,,,,,2022-01-06T15:36:47.9367340Z,,,,,2021-05-11,2021-05-11T22:24:30.1235480Z,,,2021-06-02T15:20:24.5092920Z,1584.25,51980.83,70182.809,2302768.39,,,,,,,,
65777,COINBASE_SPOT_CTSI_USD,COINBASE,SPOT,CTSI,USD,2022-01-06,2022-01-06T15:35:34.9880760Z,0.6361,CTSI-USD,CTSI,USD,0.0001,0.1,,,,,,2022-01-06T15:25:06.5505670Z,,,,,2021-05-11,2021-05-11T22:24:25.2857210Z,,,2021-06-02T15:20:31.3533080Z,122835.5,78141.19,6976377.9,4437987.71,,,,,,,,
65782,COINBASE_SPOT_ICP_USD,COINBASE,SPOT,ICP,USD,2022-01-06,2022-01-06T15:32:53.2735330Z,30.035,ICP-USD,ICP,USD,0.01,0.0001,,,,,,2022-01-06T15:34:04.4608490Z,,,,,2021-05-11,2021-05-11T22:24:24.6516480Z,,,2021-06-02T15:20:21.4063380Z,54626.3278,1641906.06,3192734.7612,95964176.02,,,,,,,,
65790,COINBASE_SPOT_RLC_USD,COINBASE,SPOT,RLC,USD,2022-01-06,2022-01-06T15:30:32.5961680Z,2.995,RLC-USD,RLC,USD,0.01,0.01,,,,,,2022-01-06T15:33:30.2505520Z,,,,,2021-05-11,2021-05-11T22:24:24.6673650Z,,,2021-06-02T15:20:23.8448260Z,60285.49,180317.0,2122435.99,6348315.06,,,,,,,,
66924,COINBASE_SPOT_FORTH_USD,COINBASE,SPOT,FORTH,USD,2022-01-06,2022-01-06T15:32:42.2453280Z,8.46,FORTH-USD,FORTH,USD,0.01,0.001,,,,,,2022-01-06T15:37:22.0948250Z,,,,,2021-05-21,2021-05-21T13:52:05.8475380Z,,,2021-06-02T15:20:18.5012970Z,2209.727,18667.47,131750.594,1113010.92,,,,,,,,
69778,COINBASE_SPOT_DOGE_USD,COINBASE,SPOT,DOGE,USD,2022-01-06,2022-01-06T15:39:05.6586700Z,0.15765,DOGE-USD,DOGE,USD,0.0001,0.1,,,,,,2022-01-06T15:25:58.7613510Z,,,,,2021-06-03,2021-06-03T16:05:15.3687140Z,,,2021-06-03T16:10:15.0608640Z,13255022.6,2090899.03,375604184.9,59249270.99,,,,,,,,
70702,COINBASE_SPOT_AMP_USD,COINBASE,SPOT,AMP,USD,2022-01-06,2022-01-06T15:32:03.1314670Z,0.04601,AMP-USD,AMP,USD,1e-05,1.0,,,,,,2022-01-06T15:38:35.4284820Z,,,,,2021-06-10,2021-06-10T16:00:40.5567650Z,,,2021-06-10T16:08:28.9400820Z,8132792.0,374072.69,356431744.0,16394293.84,,,,,,,,
70703,COINBASE_SPOT_MLN_USD,COINBASE,SPOT,MLN,USD,2022-01-06,2022-01-06T15:39:24.0748580Z,80.775,MLN-USD,MLN,USD,0.01,0.001,,,,,,2022-01-06T15:37:19.6897170Z,,,,,2021-06-10,2021-06-10T16:02:40.4533580Z,,,2021-06-10T16:13:06.0396960Z,1060.612,85745.89,57556.38,4653184.21,,,,,,,,
70705,COINBASE_SPOT_GTC_USD,COINBASE,SPOT,GTC,USD,2022-01-06,2022-01-06T15:32:24.7161450Z,12.92,GTC-USD,GTC,USD,0.01,0.01,,,,,,2022-01-06T15:26:14.6979240Z,,,,,2021-06-10,2021-06-10T16:02:51.2313210Z,,,2021-06-10T16:18:27.7429610Z,6753.81,87287.01,369954.53,4781334.5,,,,,,,,
71491,COINBASE_SPOT_DOT_USD,COINBASE,SPOT,DOT,USD,2022-01-06,2022-01-06T15:30:50.6435030Z,26.095,DOT-USD,DOT,USD,0.01,0.001,,,,,,2022-01-06T15:39:22.0649170Z,,,,,2021-06-16,2021-06-16T16:05:01.9935650Z,,,2021-06-16T16:13:47.6836130Z,88904.284,2320875.07,3759305.716,98137890.67,,,,,,,,
71691,COINBASE_SPOT_CHZ_USD,COINBASE,SPOT,CHZ,USD,2022-01-06,2022-01-06T15:35:04.3211580Z,0.2786,CHZ-USD,CHZ,USD,0.0001,0.1,,,,,,2022-01-06T15:36:48.4303640Z,,,,,2021-06-17,2021-06-17T16:01:24.9059940Z,,,2021-06-17T16:08:02.6764220Z,1183770.9,330010.84,30033229.3,8372643.03,,,,,,,,
71692,COINBASE_SPOT_KEEP_USD,COINBASE,SPOT,KEEP,USD,2022-01-06,2022-01-06T15:31:18.5653280Z,0.7224,KEEP-USD,KEEP,USD,0.0001,0.1,,,,,,2022-01-06T15:34:49.0947520Z,,,,,2021-06-17,2021-06-17T16:00:58.9881020Z,,,2021-06-17T16:08:39.2716070Z,310779.7,224575.91,8457138.1,6111304.73,,,,,,,,
71697,COINBASE_SPOT_SOL_USD,COINBASE,SPOT,SOL,USD,2022-01-06,2022-01-06T15:30:40.6376430Z,149.41,SOL-USD,SOL,USD,0.01,0.001,,,,,,2022-01-06T15:29:46.5429960Z,,,,,2021-06-17,2021-06-17T16:00:58.6051520Z,,,2021-06-17T16:08:02.8357150Z,74580.932,11145644.76,2040453.441,304932756.74,,,,,,,,
72706,COINBASE_SPOT_BOND_USD,COINBASE,SPOT,BOND,USD,2022-01-06,2022-01-06T15:42:57.1041700Z,16.545,BOND-USD,BOND,USD,0.01,0.001,,,,,,2022-01-06T15:29:43.8753680Z,,,,,2021-06-24,2021-08-25T07:39:07.9297170Z,,,2021-06-24T16:09:21.5985240Z,5324.473,88114.76,144610.688,2393163.69,,,,,,,,
72714,COINBASE_SPOT_LPT_USD,COINBASE,SPOT,LPT,USD,2022-01-06,2022-01-06T15:31:42.7288530Z,41.72,LPT-USD,LPT,USD,0.01,0.001,,,,,,2022-01-06T15:27:09.5033190Z,,,,,2021-06-24,2021-08-25T07:39:34.1088370Z,,,2021-06-24T16:09:19.7066240Z,10361.196,432586.3,453027.935,18914194.69,,,,,,,,
75127,COINBASE_SPOT_RLY_USD,COINBASE,SPOT,RLY,USD,2022-01-06,2022-01-06T15:32:15.4836620Z,0.3094,RLY-USD,RLY,USD,0.0001,1.0,,,,,,2022-01-06T15:30:55.5551710Z,,,,,2021-07-15,2021-07-15T15:08:19.1661810Z,,,2021-07-15T15:30:17.1850630Z,98070.0,30354.65,3395294.0,1050912.24,,,,,,,,
75135,COINBASE_SPOT_MASK_USD,COINBASE,SPOT,MASK,USD,2022-01-06,2022-01-06T15:37:23.0888310Z,10.8,MASK-USD,MASK,USD,0.01,0.01,,,,,,2022-01-06T15:39:29.6558760Z,,,,,2021-07-15,2021-07-15T16:39:23.8532560Z,,,2021-07-15T16:49:02.2483740Z,3348.08,36158.13,220739.59,2383912.84,,,,,,,,
75175,COINBASE_SPOT_CLV_USD,COINBASE,SPOT,CLV,USD,2022-01-06,2022-01-06T15:32:32.3167260Z,0.615,CLV-USD,CLV,USD,0.01,0.01,,,,,,2022-01-06T15:34:01.2793860Z,,,,,2021-07-15,2021-07-15T22:11:36.0462520Z,,,2021-07-15T22:15:31.3873310Z,143244.58,88415.92,3484029.61,2150473.62,,,,,,,,
88340,COINBASE_SPOT_POLY_USD,COINBASE,SPOT,POLY,USD,2022-01-06,2022-01-06T15:34:08.2026220Z,0.4796,POLY-USD,POLY,USD,0.0001,1.0,,,,,,2022-01-06T15:38:25.6454530Z,,,,,2021-07-27,2021-07-27T16:05:27.4998140Z,,,2021-07-27T18:38:30.2390440Z,188458.0,90451.73,7038361.0,3378110.23,,,,,,,,
88341,COINBASE_SPOT_FET_USD,COINBASE,SPOT,FET,USD,2022-01-06,2022-01-06T15:30:04.0606940Z,0.53865,FET-USD,FET,USD,0.0001,0.1,,,,,,2022-01-06T15:31:17.2894630Z,,,,,2021-07-27,2021-07-27T16:02:36.1724040Z,,,2021-07-27T16:06:54.5549240Z,924218.2,497994.58,31170203.1,16795375.92,,,,,,,,
88344,COINBASE_SPOT_PAX_USD,COINBASE,SPOT,PAX,USD,2022-01-06,2022-01-06T15:39:31.4450460Z,1.0,PAX-USD,PAX,USD,0.01,0.01,,,,,,2022-01-06T15:39:31.4450460Z,,,,,2021-07-27,2021-07-27T16:31:31.0084810Z,,,2021-07-27T18:52:29.9347420Z,30338.4,30335.58,126579.89,126568.12,,,,,,,,
91684,COINBASE_SPOT_FARM_USD,COINBASE,SPOT,FARM,USD,2022-01-06,2022-01-06T15:37:32.2213640Z,144.695,FARM-USD,FARM,USD,0.01,0.001,,,,,,2022-01-06T15:28:24.6073980Z,,,,,2021-07-29,2021-07-29T18:02:31.3025710Z,,,2021-07-29T18:12:41.3601300Z,1087.577,157381.88,73999.523,10708376.32,,,,,,,,
92388,COINBASE_SPOT_ACH_USD,COINBASE,SPOT,ACH,USD,2022-01-06,2022-01-06T15:42:30.3082780Z,0.063247,ACH-USD,ACH,USD,1e-06,0.1,,,,,,2022-01-06T15:30:19.3932320Z,,,,,2021-08-03,2021-08-03T16:05:26.7703580Z,,,2021-08-03T16:11:54.8812510Z,3101220.6,196175.46,530794179.4,33576712.8,,,,,,,,
92389,COINBASE_SPOT_RAI_USD,COINBASE,SPOT,RAI,USD,2022-01-06,2022-01-06T15:28:33.7806860Z,3.03,RAI-USD,RAI,USD,0.01,0.01,,,,,,2022-01-06T15:38:11.8889890Z,,,,,2021-08-03,2021-08-03T16:07:13.2829630Z,,,2021-08-03T16:12:01.6803540Z,1965.8,5956.37,61162.13,185321.25,,,,,,,,
92390,COINBASE_SPOT_PLA_USD,COINBASE,SPOT,PLA,USD,2022-01-06,2022-01-06T15:35:54.2319900Z,1.1181,PLA-USD,PLA,USD,0.0001,0.1,,,,,,2022-01-06T15:31:57.6533840Z,,,,,2021-08-03,2021-08-03T16:06:12.1763200Z,,,2021-08-04T16:23:28.8984110Z,1466908.9,1695472.49,15871918.4,18344970.88,,,,,,,,
94279,COINBASE_SPOT_IOTX_USD,COINBASE,SPOT,IOTX,USD,2022-01-06,2022-01-06T15:40:09.4522630Z,0.13526,IOTX-USD,IOTX,USD,1e-05,1.0,,,,,,2022-01-06T15:35:32.9688880Z,,,,,2021-08-11,2021-08-11T19:00:44.9393170Z,,,2021-08-11T19:07:41.8531410Z,866316.0,107203.24,20273145.0,2508722.97,,,,,,,,
94282,COINBASE_SPOT_ORN_USD,COINBASE,SPOT,ORN,USD,2022-01-06,2022-01-06T15:34:11.3388040Z,5.195,ORN-USD,ORN,USD,0.01,0.01,,,,,,2022-01-06T15:30:51.3069860Z,,,,,2021-08-11,2021-08-11T18:58:35.2238490Z,,,2021-08-11T19:07:35.8569130Z,2947.1,15301.38,148856.01,772862.19,,,,,,,,
94284,COINBASE_SPOT_QUICK_USD,COINBASE,SPOT,QUICK,USD,2022-01-06,2022-01-06T15:34:03.3242890Z,298.935,QUICK-USD,QUICK,USD,0.01,0.0001,,,,,,2022-01-06T15:32:45.1640250Z,,,,,2021-08-11,2021-08-11T18:59:51.9841740Z,,,2021-08-11T23:10:11.8164940Z,355.6083,106322.01,15002.9427,4485674.36,,,,,,,,
94285,COINBASE_SPOT_UST_USD,COINBASE,SPOT,UST,USD,2022-01-06,2022-01-06T15:32:22.0724700Z,1.001,UST-USD,UST,USD,0.001,0.01,,,,,,2022-01-06T15:27:06.6694920Z,,,,,2021-08-11,2021-08-11T18:58:38.9172570Z,,,2021-08-11T19:10:50.5301470Z,365997.91,366222.77,7564524.91,7569172.36,,,,,,,,
94287,COINBASE_SPOT_TRIBE_USD,COINBASE,SPOT,TRIBE,USD,2022-01-06,2022-01-06T15:31:26.9222570Z,0.89335,TRIBE-USD,TRIBE,USD,0.0001,0.1,,,,,,2022-01-06T15:27:31.8144660Z,,,,,2021-08-11,2021-08-11T19:00:43.5509170Z,,,2021-08-11T19:12:00.7985270Z,28145.3,25174.7,784256.0,701481.49,,,,,,,,
94448,COINBASE_SPOT_AXS_USD,COINBASE,SPOT,AXS,USD,2022-01-06,2022-01-06T15:35:10.5755030Z,78.29,AXS-USD,AXS,USD,0.01,0.001,,,,,,2022-01-06T15:34:07.9930280Z,,,,,2021-08-12,2021-08-12T18:56:01.9053790Z,,,2021-08-12T19:05:09.7192180Z,8079.117,632807.0,368088.58,28831001.04,,,,,,,,
94453,COINBASE_SPOT_WLUNA_USD,COINBASE,SPOT,WLUNA,USD,2022-01-06,2022-01-06T15:29:13.2508210Z,76.37,WLUNA-USD,WLUNA,USD,0.01,0.001,,,,,,2022-01-06T15:34:59.0950750Z,,,,,2021-08-12,2021-08-12T18:57:17.5494800Z,,,2021-08-12T19:05:33.6506420Z,31299.526,2390394.65,604689.171,46181074.99,,,,,,,,
94454,COINBASE_SPOT_REQ_USD,COINBASE,SPOT,REQ,USD,2022-01-06,2022-01-06T15:28:51.3137240Z,0.31052,REQ-USD,REQ,USD,1e-05,1.0,,,,,,2022-01-06T15:32:12.1258240Z,,,,,2021-08-12,2021-08-12T18:54:48.9141330Z,,,2021-08-12T19:05:10.4392940Z,1003898.0,311816.75,32894141.0,10217117.89,,,,,,,,
94456,COINBASE_SPOT_TRU_USD,COINBASE,SPOT,TRU,USD,2022-01-06,2022-01-06T15:28:55.6891220Z,0.2789,TRU-USD,TRU,USD,0.0001,0.1,,,,,,2022-01-06T15:30:17.0090420Z,,,,,2021-08-12,2021-08-12T18:55:30.2871820Z,,,2021-08-12T19:05:09.7917360Z,621552.9,173485.17,16438720.0,4588304.86,,,,,,,,
98276,COINBASE_SPOT_QNT_USD,COINBASE,SPOT,QNT,USD,2022-01-06,2022-01-06T15:42:10.8563610Z,163.6,QNT-USD,QNT,USD,0.01,0.001,,,,,,2022-01-06T15:25:27.7691460Z,,,,,2021-08-25,2021-08-25T07:39:05.9620190Z,,,2021-08-25T07:39:05.9620190Z,2490.871,407434.37,72878.197,11920762.91,,,,,,,,
98620,COINBASE_SPOT_COTI_USD,COINBASE,SPOT,COTI,USD,2022-01-06,2022-01-06T15:38:34.0248670Z,0.35855,COTI-USD,COTI,USD,0.0001,0.1,,,,,,2022-01-06T15:39:31.5460070Z,,,,,2021-08-26,2021-08-26T18:55:30.5383920Z,,,2021-08-26T22:29:05.8431640Z,619750.7,222237.01,15228730.8,5460885.56,,,,,,,,
99925,COINBASE_SPOT_RAD_USD,COINBASE,SPOT,RAD,USD,2022-01-06,2022-01-06T15:37:10.8601800Z,9.59,RAD-USD,RAD,USD,0.01,0.01,,,,,,2022-01-06T15:32:39.3209330Z,,,,,2021-09-01,2021-09-01T16:01:10.4813340Z,,,2021-09-01T16:14:50.5452160Z,1468.28,14074.13,238445.05,2285603.27,,,,,,,,
99926,COINBASE_SPOT_DDX_USD,COINBASE,SPOT,DDX,USD,2022-01-06,2022-01-06T15:35:20.3918080Z,3.825,DDX-USD,DDX,USD,0.01,0.01,,,,,,2022-01-06T15:34:13.2176400Z,,,,,2021-09-01,2021-09-01T16:01:01.1832220Z,,,2021-09-01T16:14:55.5788870Z,5268.82,20154.34,180280.91,689612.4,,,,,,,,
99928,COINBASE_SPOT_YFII_USD,COINBASE,SPOT,YFII,USD,2022-01-06,2022-01-06T15:34:55.8668840Z,2613.435,YFII-USD,YFII,USD,0.01,1e-08,,,,,,2022-01-06T15:32:34.1186580Z,,,,,2021-09-01,2021-09-01T16:03:02.1035130Z,,,2021-09-01T16:40:05.3099650Z,7.4751407,19535.29,371.48802781,970834.99,,,,,,,,
102130,COINBASE_SPOT_RGT_USD,COINBASE,SPOT,RGT,USD,2022-01-06,2022-01-06T15:40:49.0606880Z,23.88,RGT-USD,RGT,USD,0.01,0.001,,,,,,2022-01-06T15:27:04.0091270Z,,,,,2021-09-09,2021-09-09T16:05:05.0219610Z,,,2021-09-09T21:48:53.2216230Z,825.327,19746.89,18167.719,434683.36,,,,,,,,
102137,COINBASE_SPOT_XYO_USD,COINBASE,SPOT,XYO,USD,2022-01-06,2022-01-06T15:30:36.7457030Z,0.0308395,XYO-USD,XYO,USD,1e-06,0.1,,,,,,2022-01-06T15:32:17.2856430Z,,,,,2021-09-09,2021-09-09T16:00:33.2628660Z,,,2021-09-09T16:12:35.4251190Z,8157201.1,251632.44,311991936.8,9624292.67,,,,,,,,
102138,COINBASE_SPOT_SHIB_USD,COINBASE,SPOT,SHIB,USD,2022-01-06,2022-01-06T15:31:10.5488620Z,3.01e-05,SHIB-USD,SHIB,USD,1e-07,1.0,,,,,,2022-01-06T15:32:13.1262100Z,,,,,2021-09-09,2021-09-09T16:00:36.0435560Z,,,2021-09-09T16:12:34.0036640Z,264005487102.0,7933451.04,5665861036503.0,170260972.98,,,,,,,,
103311,COINBASE_SPOT_BTRST_USD,COINBASE,SPOT,BTRST,USD,2022-01-06,2022-01-06T15:42:36.0796140Z,3.225,BTRST-USD,BTRST,USD,0.01,0.01,,,,,,2022-01-06T15:16:48.9591080Z,,,,,2021-09-15,2021-09-15T18:01:28.8354740Z,,,2021-09-15T18:25:03.0602810Z,1928.95,6219.76,212061.49,683777.02,,,,,,,,
103795,COINBASE_SPOT_ZEN_USD,COINBASE,SPOT,ZEN,USD,2022-01-06,2022-01-06T15:35:23.4038990Z,57.205,ZEN-USD,ZEN,USD,0.01,0.001,,,,,,2022-01-06T15:24:43.8461150Z,,,,,2021-09-16,2021-09-16T18:58:20.3901390Z,,,2021-09-16T19:06:35.6039840Z,1770.344,101279.88,17676.848,1011277.53,,,,,,,,
104956,COINBASE_SPOT_AGLD_USD,COINBASE,SPOT,AGLD,USD,2022-01-06,2022-01-06T15:39:24.8874130Z,1.585,AGLD-USD,AGLD,USD,0.01,0.01,,,,,,2022-01-06T15:33:52.2957090Z,,,,,2021-09-21,2021-09-21T16:01:44.0286490Z,,,2021-09-21T16:10:12.7091530Z,58164.93,92289.26,440143.38,698367.64,,,,,,,,
107136,COINBASE_SPOT_AVAX_USD,COINBASE,SPOT,AVAX,USD,2022-01-06,2022-01-06T15:36:08.8597230Z,94.035,AVAX-USD,AVAX,USD,0.01,0.001,,,,,,2022-01-06T15:31:51.1040480Z,,,,,2021-09-30,2021-09-30T18:56:11.6942080Z,,,2021-09-30T19:03:02.2759990Z,29581.403,2782922.12,1541642.551,145032713.63,,,,,,,,
108836,COINBASE_SPOT_JASMY_USD,COINBASE,SPOT,JASMY,USD,2022-01-06,2022-01-06T15:38:24.1296360Z,0.075315,JASMY-USD,JASMY,USD,1e-05,1.0,,,,,,2022-01-06T15:28:53.4098850Z,,,,,2021-10-07,2021-10-07T19:01:24.4319070Z,,,2021-10-07T19:08:59.3536810Z,5552835.0,418547.35,212931664.0,16049816.73,,,,,,,,
108838,COINBASE_SPOT_FX_USD,COINBASE,SPOT,FX,USD,2022-01-06,2022-01-06T15:36:56.6332180Z,0.80395,FX-USD,FX,USD,0.0001,0.1,,,,,,2022-01-06T15:25:31.1404190Z,,,,,2021-10-07,2021-10-07T19:02:36.0108500Z,,,2021-10-07T19:09:10.4648570Z,17000.6,13672.73,543054.9,436751.9,,,,,,,,
108839,COINBASE_SPOT_WCFG_USD,COINBASE,SPOT,WCFG,USD,2022-01-06,2022-01-06T15:31:55.2775130Z,0.835,WCFG-USD,WCFG,USD,0.01,0.01,,,,,,2022-01-06T15:35:25.0345910Z,,,,,2021-10-07,2021-10-07T19:01:55.8410450Z,,,2021-10-07T19:09:01.4580830Z,9967.65,8319.52,1042681.79,870276.33,,,,,,,,
110299,COINBASE_SPOT_BADGER_USD,COINBASE,SPOT,BADGER,USD,2022-01-06,2022-01-06T15:38:35.0794210Z,13.41,BADGER-USD,BADGER,USD,0.01,0.001,,,,,,2022-01-06T15:38:25.7172240Z,,,,,2021-10-14,2021-10-14T16:04:29.6235900Z,,,2021-10-14T16:14:01.3277450Z,2833.219,37979.07,62848.59,842480.27,,,,,,,,
110301,COINBASE_SPOT_RARI_USD,COINBASE,SPOT,RARI,USD,2022-01-06,2022-01-06T15:37:45.1742820Z,13.905,RARI-USD,RARI,USD,0.01,0.001,,,,,,2022-01-06T15:29:01.7458810Z,,,,,2021-10-14,2021-10-14T16:04:11.7805560Z,,,2021-10-14T16:14:01.1293180Z,5399.476,74869.61,87677.919,1215749.81,,,,,,,,
112448,COINBASE_SPOT_PERP_USD,COINBASE,SPOT,PERP,USD,2022-01-06,2022-01-06T15:40:21.5915260Z,8.5,PERP-USD,PERP,USD,0.01,0.001,,,,,,2022-01-06T15:31:17.9139650Z,,,,,2021-10-19,2021-10-19T16:02:45.8295580Z,,,2021-10-19T16:09:55.8235290Z,3520.159,29895.59,112730.129,957381.17,,,,,,,,
112451,COINBASE_SPOT_ARPA_USD,COINBASE,SPOT,ARPA,USD,2022-01-06,2022-01-06T15:36:42.4943270Z,0.09075,ARPA-USD,ARPA,USD,0.0001,0.1,,,,,,2022-01-06T15:37:16.3453310Z,,,,,2021-10-19,2021-10-19T16:02:00.0816250Z,,,2021-10-19T16:09:52.6299220Z,36440.0,3308.18,10209382.6,926851.78,,,,,,,,
112452,COINBASE_SPOT_AUCTION_USD,COINBASE,SPOT,AUCTION,USD,2022-01-06,2022-01-06T15:37:12.2539300Z,22.01,AUCTION-USD,AUCTION,USD,0.01,0.001,,,,,,2022-01-06T15:34:38.7835080Z,,,,,2021-10-19,2021-10-19T16:02:13.3330490Z,,,2021-10-19T16:09:51.5053280Z,5725.805,126042.73,87469.892,1925483.65,,,,,,,,
113170,COINBASE_SPOT_ASM_USD,COINBASE,SPOT,ASM,USD,2022-01-06,2022-01-06T15:39:54.0835750Z,0.07993,ASM-USD,ASM,USD,1e-05,1.0,,,,,,2022-01-06T15:35:31.3683440Z,,,,,2021-10-21,2021-10-21T16:00:23.1731430Z,,,2021-10-21T16:06:06.7346890Z,1082417.0,86556.24,23341174.0,1866493.38,,,,,,,,
116243,COINBASE_SPOT_KRL_USD,COINBASE,SPOT,KRL,USD,2022-01-06,2022-01-06T15:41:32.9583540Z,1.2904,KRL-USD,KRL,USD,0.0001,0.1,,,,,,2022-01-06T15:32:58.2446760Z,,,,,2021-11-02,2021-11-02T16:00:38.4003370Z,,,2021-11-02T16:17:52.7799130Z,25908.1,33429.22,915836.3,1181703.47,,,,,,,,
116244,COINBASE_SPOT_LCX_USD,COINBASE,SPOT,LCX,USD,2022-01-06,2022-01-06T15:39:08.2068400Z,0.1662,LCX-USD,LCX,USD,0.0001,0.1,,,,,,2022-01-06T15:37:10.0420620Z,,,,,2021-11-02,2021-11-02T16:00:21.1993130Z,,,2021-11-02T16:17:53.0692290Z,566644.5,94176.32,15492680.3,2574883.47,,,,,,,,
116249,COINBASE_SPOT_TRAC_USD,COINBASE,SPOT,TRAC,USD,2022-01-06,2022-01-06T15:30:05.5378250Z,1.03185,TRAC-USD,TRAC,USD,0.0001,0.1,,,,,,2022-01-06T15:33:19.9404320Z,,,,,2021-11-02,2021-11-02T16:03:50.0426760Z,,,2021-11-02T16:30:03.0858380Z,53171.0,54861.11,2116633.0,2183912.84,,,,,,,,
116267,COINBASE_SPOT_SUKU_USD,COINBASE,SPOT,SUKU,USD,2022-01-06,2022-01-06T15:31:21.9791570Z,0.44375,SUKU-USD,SUKU,USD,0.0001,0.1,,,,,,2022-01-06T15:27:33.6070480Z,,,,,2021-11-02,2021-11-02T16:46:32.9679010Z,,,2021-11-02T16:55:31.1252050Z,47247.5,20965.59,2190018.2,971797.95,,,,,,,,
117822,COINBASE_SPOT_CRO_USD,COINBASE,SPOT,CRO,USD,2022-01-06,2022-01-06T15:33:53.4969120Z,0.4983,CRO-USD,CRO,USD,0.0001,0.1,,,,,,2022-01-06T15:36:33.0882960Z,,,,,2021-11-03,2021-11-03T16:29:22.3263720Z,,,2021-11-03T16:38:59.7537680Z,3682168.0,1836297.18,122445954.8,61063797.66,,,,,,,,
117897,COINBASE_SPOT_CVC_USD,COINBASE,SPOT,CVC,USD,2022-01-06,2022-01-06T15:32:36.8952400Z,0.3281,CVC-USD,CVC,USD,0.0001,0.1,,,,,,2022-01-06T15:39:16.0689450Z,,,,,2021-11-03,2021-11-03T19:26:47.0364470Z,,,2021-11-03T19:46:55.9455720Z,52618.1,17258.03,2534739.8,831360.44,,,,,,,,
117898,COINBASE_SPOT_DNT_USD,COINBASE,SPOT,DNT,USD,2022-01-06,2022-01-06T15:39:24.7926750Z,0.11995,DNT-USD,DNT,USD,0.0001,0.1,,,,,,2022-01-06T15:34:03.3776470Z,,,,,2021-11-03,2021-11-03T19:27:56.4014200Z,,,2021-11-03T19:59:02.2565790Z,120191.1,14425.09,4587999.2,550642.35,,,,,,,,
117899,COINBASE_SPOT_LOOM_USD,COINBASE,SPOT,LOOM,USD,2022-01-06,2022-01-06T15:35:02.1654010Z,0.09105,LOOM-USD,LOOM,USD,0.0001,0.1,,,,,,2022-01-06T15:22:05.2034730Z,,,,,2021-11-03,2021-11-03T19:24:38.1044100Z,,,2021-11-03T22:48:08.4238660Z,10982.2,909.37,2832350.9,234530.38,,,,,,,,
123286,COINBASE_SPOT_GYEN_USD,COINBASE,SPOT,GYEN,USD,2022-01-06,2022-01-06T15:40:01.7967950Z,0.008608,GYEN-USD,GYEN,USD,1e-06,1.0,,,,,,2022-01-06T15:36:04.1368290Z,,,,,2021-11-15,2021-11-15T20:06:27.6539790Z,,,2021-11-15T21:40:36.4957640Z,4924303.0,42393.32,137144511.0,1180677.1,,,,,,,,
123829,COINBASE_SPOT_ALCX_USD,COINBASE,SPOT,ALCX,USD,2022-01-06,2022-01-06T15:41:10.8040580Z,369.27,ALCX-USD,ALCX,USD,0.01,0.0001,,,,,,2022-01-06T15:30:17.3674770Z,,,,,2021-11-16,2021-11-16T17:02:33.9844920Z,,,2021-11-16T17:46:32.2129140Z,794.798,293573.68,62461.9162,23071490.78,,,,,,,,
123830,COINBASE_SPOT_ENS_USD,COINBASE,SPOT,ENS,USD,2022-01-06,2022-01-06T15:38:48.5764560Z,32.725,ENS-USD,ENS,USD,0.01,0.001,,,,,,2022-01-06T15:29:01.4929660Z,,,,,2021-11-16,2021-11-16T17:01:37.3870870Z,,,2021-11-16T17:21:19.6780030Z,19835.846,649242.88,399714.4,13082967.5,,,,,,,,
123831,COINBASE_SPOT_POWR_USD,COINBASE,SPOT,POWR,USD,2022-01-06,2022-01-06T15:36:22.1153990Z,0.53065,POWR-USD,POWR,USD,0.0001,0.1,,,,,,2022-01-06T15:33:41.3242750Z,,,,,2021-11-16,2021-11-16T17:01:02.2756430Z,,,2021-11-16T17:24:21.2273130Z,59896.3,31779.54,8090165.9,4292448.28,,,,,,,,
123832,COINBASE_SPOT_GALA_USD,COINBASE,SPOT,GALA,USD,2022-01-06,2022-01-06T15:33:08.5733060Z,0.3843,GALA-USD,GALA,USD,1e-05,1.0,,,,,,2022-01-06T15:36:41.1452730Z,,,,,2021-11-16,2021-11-16T17:01:23.4024120Z,,,2021-11-16T17:23:40.8811370Z,8463639.0,3254311.04,174087048.0,66937330.59,,,,,,,,
124517,COINBASE_SPOT_VGX_USD,COINBASE,SPOT,VGX,USD,2022-01-06,2022-01-06T15:38:03.3411230Z,2.695,VGX-USD,VGX,USD,0.01,0.01,,,,,,2022-01-06T15:30:48.4711470Z,,,,,2021-11-18,2021-11-18T20:08:26.4976890Z,,,2021-11-18T20:28:24.5830880Z,67357.32,181577.76,3083512.32,8312344.69,,,,,,,,
124519,COINBASE_SPOT_MUSD_USD,COINBASE,SPOT,MUSD,USD,2022-01-06,2022-01-06T15:34:14.3278020Z,0.9995,MUSD-USD,MUSD,USD,0.001,0.01,,,,,,2022-01-06T15:34:14.3278020Z,,,,,2021-11-18,2021-11-18T20:11:02.7836780Z,,,2021-11-18T20:20:02.8488960Z,6589.77,6586.48,361595.85,361415.05,,,,,,,,
131960,COINBASE_SPOT_IDEX_USD,COINBASE,SPOT,IDEX,USD,2022-01-06,2022-01-06T15:36:53.1903610Z,0.22425,IDEX-USD,IDEX,USD,0.0001,0.1,,,,,,2022-01-06T15:39:32.7719480Z,,,,,2021-12-07,2021-12-07T17:04:35.9110760Z,,,2021-12-07T17:25:10.8422570Z,61239.6,13727.83,2915437.7,653541.81,,,,,,,,
131961,COINBASE_SPOT_SUPER_USD,COINBASE,SPOT,SUPER,USD,2022-01-06,2022-01-06T15:34:39.9544370Z,1.035,SUPER-USD,SUPER,USD,0.01,0.01,,,,,,2022-01-06T15:38:26.6454340Z,,,,,2021-12-07,2021-12-07T17:04:20.8222650Z,,,2021-12-07T17:25:10.8691820Z,122144.25,126376.11,2999975.46,3103913.86,,,,,,,,
131962,COINBASE_SPOT_FOX_USD,COINBASE,SPOT,FOX,USD,2022-01-06,2022-01-06T15:39:15.2820540Z,0.5366,FOX-USD,FOX,USD,0.0001,0.1,,,,,,2022-01-06T15:29:09.9266390Z,,,,,2021-12-07,2021-12-07T17:05:58.5072700Z,,,2021-12-07T17:25:10.8336390Z,173858.9,93292.69,3027530.7,1624572.97,,,,,,,,
131963,COINBASE_SPOT_SPELL_USD,COINBASE,SPOT,SPELL,USD,2022-01-06,2022-01-06T15:35:00.5952830Z,0.0173,SPELL-USD,SPELL,USD,1e-05,1.0,,,,,,2022-01-06T15:37:25.3116400Z,,,,,2021-12-07,2021-12-07T17:04:11.3007860Z,,,2021-12-07T17:25:10.8579940Z,77905371.0,1348001.17,3673063704.0,63555235.31,,,,,,,,
131965,COINBASE_SPOT_POLS_USD,COINBASE,SPOT,POLS,USD,2022-01-06,2022-01-06T15:33:56.5932470Z,2.505,POLS-USD,POLS,USD,0.01,0.01,,,,,,2022-01-06T15:25:05.7351720Z,,,,,2021-12-07,2021-12-07T17:04:11.4886710Z,,,2021-12-07T17:25:10.8501050Z,4831.73,12101.4,133515.03,334397.66,,,,,,,,
131966,COINBASE_SPOT_MCO2_USD,COINBASE,SPOT,MCO2,USD,2022-01-06,2022-01-06T15:30:08.5492080Z,8.115,MCO2-USD,MCO2,USD,0.01,0.01,,,,,,2022-01-06T15:31:54.3432690Z,,,,,2021-12-07,2021-12-07T17:05:04.9898940Z,,,2021-12-07T17:37:16.9539670Z,25726.77,208706.23,147000.55,1192529.47,,,,,,,,
132543,COINBASE_SPOT_COVAL_USD,COINBASE,SPOT,COVAL,USD,2022-01-06,2022-01-06T15:36:05.2305990Z,0.113535,COVAL-USD,COVAL,USD,1e-05,1.0,,,,,,2022-01-06T15:38:11.8454500Z,,,,,2021-12-08,2021-12-08T22:45:50.8038720Z,,,2021-12-08T22:56:32.6507620Z,1850977.0,210150.67,66484424.0,7548309.08,,,,,,,,
132901,COINBASE_SPOT_GODS_USD,COINBASE,SPOT,GODS,USD,2022-01-06,2022-01-06T15:33:18.1699030Z,3.495,GODS-USD,GODS,USD,0.01,0.01,,,,,,2022-01-06T15:39:36.5933310Z,,,,,2021-12-09,2021-12-09T17:00:20.0769370Z,,,2021-12-09T17:14:00.7225940Z,20460.94,71715.59,1074832.54,3767288.05,,,,,,,,
132903,COINBASE_SPOT_RBN_USD,COINBASE,SPOT,RBN,USD,2022-01-06,2022-01-06T15:41:00.6512590Z,3.17,RBN-USD,RBN,USD,0.01,0.01,,,,,,2022-01-06T15:26:01.7593620Z,,,,,2021-12-09,2021-12-09T17:03:18.2540160Z,,,2021-12-09T17:15:41.5626510Z,58233.65,184600.67,3464084.61,10981148.21,,,,,,,,
132904,COINBASE_SPOT_IMX_USD,COINBASE,SPOT,IMX,USD,2022-01-06,2022-01-06T15:37:40.8732680Z,4.09,IMX-USD,IMX,USD,0.01,0.01,,,,,,2022-01-06T15:36:57.7146340Z,,,,,2021-12-09,2021-12-09T17:00:59.5711530Z,,,2021-12-09T17:14:00.7304070Z,43593.99,178731.8,1238946.56,5079579.76,,,,,,,,
132905,COINBASE_SPOT_BLZ_USD,COINBASE,SPOT,BLZ,USD,2022-01-06,2022-01-06T15:35:34.6043380Z,0.20205,BLZ-USD,BLZ,USD,0.0001,0.1,,,,,,2022-01-06T15:36:42.7344460Z,,,,,2021-12-09,2021-12-09T17:01:18.5182650Z,,,2021-12-09T17:14:00.7151480Z,579703.8,117214.06,9044477.7,1828761.44,,,,,,,,
132907,COINBASE_SPOT_API3_USD,COINBASE,SPOT,API3,USD,2022-01-06,2022-01-06T15:28:53.8669420Z,3.785,API3-USD,API3,USD,0.01,0.01,,,,,,2022-01-06T15:34:45.1481600Z,,,,,2021-12-09,2021-12-09T17:01:34.3547540Z,,,2021-12-09T17:14:00.7071440Z,4664.41,17654.54,178199.4,674475.29,,,,,,,,
132909,COINBASE_SPOT_MDT_USD,COINBASE,SPOT,MDT,USD,2022-01-06,2022-01-06T15:33:16.7028610Z,0.099075,MDT-USD,MDT,USD,1e-05,1.0,,,,,,2022-01-06T15:29:44.9791110Z,,,,,2021-12-09,2021-12-09T17:01:15.3368060Z,,,2021-12-09T17:14:00.7389380Z,1175472.0,116492.51,70108826.0,6947977.45,,,,,,,,
134584,COINBASE_SPOT_DESO_USD,COINBASE,SPOT,DESO,USD,2022-01-06,2022-01-06T15:39:52.3384420Z,81.015,DESO-USD,DESO,USD,0.01,0.001,,,,,,2022-01-06T15:33:51.3769990Z,,,,,2021-12-14,,,,2021-12-14T17:14:41.9665470Z,566.704,45911.52,42877.422,3473714.34,,,,,,,,
224282,COINBASE_SPOT_TBTC_USD,COINBASE,SPOT,TBTC,USD,,,,TBTC-USD,TBTC,USD,,,,,,,,,,,,,,,,,,,,,,,,,,,,,
